INSERT INTO MEMBER(ACCOUNT,PASSWORD,NAME,Nickname,CELL,EMAIL,Address,ROLE,STATUS,images) 
VALUES ('Admin','$2a$10$80qOuOFCl5abc3SPuQYXmuivEHbgyHSJx5kNjTZDFlXQCqLTIghv.','管理員','管理員','0000-000000','admin@animour.com','台北市大安區','Admin',true,'https://i.imgur.com/7mC4im2.png');
INSERT INTO MEMBER(ACCOUNT,PASSWORD,NAME,Nickname,CELL,EMAIL,Address,STATUS, Signature,images, REGISTRATIONTIME) VALUES ('ViewSonic', '$2a$10$sbgUqK46jX27uiJcyEGlhOX6m7p9JwrVEHytgIrjJZDZ/hTsnyWtu', 'Alex Wu', 'Alex','0912-345678','alex@gail.com','台北市大安區','1','Sony ','https://i.imgur.com/EbxPGg7.jpg','2018-01-01 05:00:00' );
INSERT INTO MEMBER(ACCOUNT,PASSWORD,NAME,Nickname,CELL,EMAIL,Address,STATUS, Signature,images, REGISTRATIONTIME) VALUES ('Alisasa', '$2a$10$ugwJQJb3h2sGOaGvSu7D2uttdI3lhctpvXqbFe4mulrE.6LMBmAoi', '艾莉莎陳', '艾莉莎莎','0912-345678','Alisasa@gail.com','台北市大安區','1','Alisasa happy everyday.','https://i.imgur.com/SsoISY8.jpg','2018-05-01 05:00:00' );
INSERT INTO MEMBER(ACCOUNT,PASSWORD,NAME,Nickname,CELL,EMAIL,Address,STATUS, Signature,images, REGISTRATIONTIME) VALUES ('kingjames', '$2a$10$yr7ppdijFXjClIm0dM83k.ZHdVplazri7QpfKkNliMSMj7DzpMcHO', '布朗勒', '布朗詹姆斯','0912-345678','kingjames@gail.com','台北市大安區','1','kingjames happy everyday.','https://i.imgur.com/i0Q0LXv.jpg','2018-05-01 05:00:00' );
INSERT INTO MEMBER(ACCOUNT,PASSWORD,NAME,Nickname,CELL,EMAIL,Address,STATUS, Signature,images, REGISTRATIONTIME) VALUES ('captainlu', '$2a$10$qmW3lAtGRQ7P.hSRWeHCkO9KiX/HhIPk8GzJ.vhubxJZcrSuCO1Nu', '盧廣中', '晨之美','0912-345678','captainlu@gail.com','台北市大安區','1','captainlu happy everyday.','https://i.imgur.com/HOqKb4F.png','2018-05-01 05:00:00' );
INSERT INTO MEMBER(ACCOUNT,PASSWORD,NAME,Nickname,CELL,EMAIL,Address,STATUS, Signature,images, REGISTRATIONTIME) VALUES ('bravolav', '$2a$10$tkZuItq.unz6OIfosABBs.Y.o74HwixbaRCNZ6Or.X/iiNS8IJxJ6', '宋芸樺', '喬喬','0912-345678','bravolav@gail.com','台北市大安區','1','bravolav happy everyday.','https://i.imgur.com/KGT102q.jpg','2018-05-01 05:00:00' );
INSERT INTO MEMBER(ACCOUNT,PASSWORD,NAME,Nickname,CELL,EMAIL,Address,STATUS, Signature,images, REGISTRATIONTIME) VALUES ('bryanchang1988', '$2a$10$VWjb5w3XZB5x6Bxz4SfQ8.QTle1MHHfX3BIZC90dqJlr0nrmiF02e', '張書豪', 'Bryan','0912-345678','bryanchang1988@gail.com','台北市大安區','0','bryanchang1988 happy everyday.','https://i.imgur.com/MpJe3lW.jpg','2018-05-01 05:00:00' );
INSERT INTO MEMBER(ACCOUNT,PASSWORD,NAME,Nickname,CELL,EMAIL,Address,STATUS, Signature,images, REGISTRATIONTIME) VALUES ('ryu', '$2a$10$jkWJi69xlFD6wTTKRG4W5.k2sK3dR3IssQjiRZ429Tbvrbnxb1cv2', '呂悠悠', 'ryu','0912-345678','ryu@gail.com','台北市大安區','1','ryu happy everyday.','https://i.imgur.com/q9PMXsf.png','2018-05-01 05:00:00' );
INSERT INTO MEMBER(ACCOUNT,PASSWORD,NAME,Nickname,CELL,EMAIL,Address,STATUS, Signature,images, REGISTRATIONTIME) VALUES ('Yga0721', '$2a$10$n2W4SQ3uGDRH1Xqn8LYSoORzHmi9/AGdXFW4.zk43FN2.5/BoDLZq', '蔡阿嘎', '嘎','0912-345678','Yga0721@gail.com','台北市大安區','0','Yga0721 happy everyday.','https://i.imgur.com/8OZBBW1.gif','2018-05-01 05:00:00' );
INSERT INTO MEMBER(ACCOUNT,PASSWORD,NAME,Nickname,CELL,EMAIL,Address,STATUS, Signature,images, REGISTRATIONTIME) VALUES ('johnnybms', '$2a$10$Xi0J6s2RLhl4chWgMBds2eKFa4ZH.3D2oZ1hUWEzqT/zQX4GIuZn.', '楊銘威', 'johnny','0912-345678','johnnybms@gail.com','台北市大安區','0','johnnybms happy everyday.','https://i.imgur.com/q9PMXsf.png','2018-05-01 05:00:00' );
INSERT INTO MEMBER(ACCOUNT,PASSWORD,NAME,Nickname,CELL,EMAIL,Address,STATUS, Signature,images, REGISTRATIONTIME) VALUES ('panyingchu', '$2a$10$1UHnLpf4gwmsiDx5qXwTCO0LtcLsyJ/w92p3nQe/7ML4exHWgDur2', '潘暎竹', '阿竹','0912-345678','panyingchu@gail.com','台北市大安區','1','panyingchu happy everyday.','https://i.imgur.com/q9PMXsf.png','2018-05-01 05:00:00' );
INSERT INTO MEMBER(ACCOUNT,PASSWORD,NAME,Nickname,CELL,EMAIL,Address,STATUS, Signature,images, REGISTRATIONTIME) VALUES ('harrychang1122', '$2a$10$hMQMsfRyQWTqV12YooLYh.SE0hCuOS6heP5IPtnkYXwaHHt8ab9We', '張懷秋', 'Harry','0912-345678','harrychang1122@gail.com','台北市大安區','1','harrychang1122 happy everyday.','https://i.imgur.com/e1PHcUw.gif','2018-05-01 05:00:00' );
INSERT INTO MEMBER(ACCOUNT,PASSWORD,NAME,Nickname,CELL,EMAIL,Address,STATUS, Signature,images, REGISTRATIONTIME) VALUES ('cherngyang', '$2a$10$LHGHyJxLMjzur1HBAVvcduHgP4aHPbGDeVG8IGGnvCFMmbmv3VDr.', '馬來貘', '馬來貘','0912-345678','cherngyang@gail.com','台北市大安區','1','cherngyang happy everyday.','https://i.imgur.com/gcN4sV7.jpg','2018-05-01 05:00:00' );
INSERT INTO MEMBER(ACCOUNT,PASSWORD,NAME,Nickname,CELL,EMAIL,Address,STATUS, Signature,images, REGISTRATIONTIME) VALUES ('wuchengan', '$2a$10$RdiVPcwOcM9oNsanwAPrp.KvOS2E1EWN2sZiAgkAo5Qe40lREyyR.', '爽爽貓', '爽爽','0912-345678','wuchengan@gail.com','台北市大安區','1','wuchengan happy everyday.','https://i.imgur.com/xXGgLOn.jpg','2018-05-01 05:00:00' );
INSERT INTO MEMBER(ACCOUNT,PASSWORD,NAME,Nickname,CELL,EMAIL,Address,STATUS, Signature,images, REGISTRATIONTIME) VALUES ('byebyechuchu', '$2a$10$.RbQAuE0eMuCSCf1FS8lzeXbsEXfeaoAogGnEV8hnBjQYxdT8wcTW', '林柏維', '掰掰啾啾','0912-345678','byebyechuchu@gail.com','台北市大安區','1','byebyechuchu happy everyday.','https://i.imgur.com/2aVtzH6.png','2018-05-01 05:00:00' );
INSERT INTO MEMBER(ACCOUNT,PASSWORD,NAME,Nickname,CELL,EMAIL,Address,STATUS, Signature,images, REGISTRATIONTIME) VALUES ('xxxibgdrgn', '$2a$10$u6LPUkYG/jErkULIHx8F9ujf4BbqUiXZR4SQeldlXhKM1hXiagIJO', '權志龍', 'G-Dragon','0912-345678','xxxibgdrgn@gail.com','台北市大安區','1','xxxibgdrgn happy everyday.','https://i.imgur.com/VZCAQd9.gif','2018-05-01 05:00:00' );
INSERT INTO MEMBER(ACCOUNT,PASSWORD,NAME,Nickname,CELL,EMAIL,Address,STATUS, Signature,images, REGISTRATIONTIME) VALUES ('kwonjo', '$2a$10$pl0PFkoaZZ8/BNWdKtC67OC0E0D8gsFRZOT8IdJtJpUelyCzfvhb.', '趙權', '趙權','0912-345678','kwonjo@gail.com','台北市大安區','1','kwonjo happy everyday.','https://i.imgur.com/kjdSsK7.gif','2018-05-01 05:00:00' );
INSERT INTO MEMBER(ACCOUNT,PASSWORD,NAME,Nickname,CELL,EMAIL,Address,STATUS, Signature,images, REGISTRATIONTIME) VALUES ('badgalriri', '$2a$10$B2QGuEQRAvIHYnegtgGwK.B5/Ay27GEbMeaJ7u8c2rGq93IgJBEri', '蕾哈娜', 'Rihanna','0912-345678','badgalriri@gail.com','台北市大安區','1','badgalriri happy everyday.','https://i.imgur.com/xbs7pZ3.gif','2018-05-01 05:00:00' );
INSERT INTO MEMBER(ACCOUNT,PASSWORD,NAME,Nickname,CELL,EMAIL,Address,STATUS, Signature,images, REGISTRATIONTIME) VALUES ('cristiano', '$2a$10$icgIbPALjAypCeFesn9GE.QszAi90oZReASswJLt9ES5zNeeF5AdC', 'C羅納度', 'C羅','0912-345678','cristiano@gail.com','台北市大安區','1','cristiano happy everyday.','https://i.imgur.com/zv1ET2V.gif','2018-05-01 05:00:00' );
INSERT INTO MEMBER(ACCOUNT,PASSWORD,NAME,Nickname,CELL,EMAIL,Address,STATUS, Signature,images, REGISTRATIONTIME) VALUES ('jlin7', '$2a$10$ED9/XwIo7/4TKoYSyiejTelZxp6K1n1zaDQC1arItFReoBY9.eZiS', '林書豪', 'Jeremy Lin','0912-345678','jlin7@gail.com','台北市大安區','1','jlin7 happy everyday.','https://i.imgur.com/r3ddwkx.gif','2018-05-01 05:00:00' );



/*3 Animal */
INSERT INTO CITY (id, name) VALUES 
(1, '宜蘭縣'),(2, '基隆市'),(3, '台北市'),(4, '新北市'),(5, '桃園市'),(6, '新竹市'),
(7, '新竹縣'),(8, '苗栗縣'),(9, '台中市'),(10, '彰化縣'),(11, '南投縣'),(12, '雲林縣'),
(13, '嘉義市'),(14, '嘉義縣'),(15, '台南市'),(16, '高雄市'),(17, '屏東縣'),(18, '台東縣'),
(19, '花蓮縣'),(20, '澎湖縣'),(21, '金門縣'),(22, '連江縣');
insert into animal(status, name, specie, color, found, upload, city_id, district, member_id, age, size, gender, file_name, disabled) values  ('開放認養', '短腿', '狗', '咖啡', '2017-01-01', '2018-03-10 12:00:00', '1', '北投區', 7, '成年', '大型', '公', 'id_1.jpg', false);
insert into animal(status, name, specie, color, found, upload, city_id, district, member_id, age, size, gender, file_name, disabled) values  ('開放認養', '小飛象', '兔', '灰', '2017-02-01', '2018-03-10 13:00:00', '1', '左營區', 7, '成年', '大型', '公', 'id_2.jpg', false);
insert into animal(status, name, specie, color, found, upload, city_id, district, member_id, age, size, gender, file_name, disabled) values  ('開放認養', '麵茶', '狗', '咖啡', '2017-03-01', '2018-03-10 14:00:00', '1', '大安區', 7, '成年', '中型', '母', 'id_3.jpg', false);
insert into animal(status, name, specie, color, found, upload, city_id, district, member_id, age, size, gender, file_name, disabled) values  ('開放認養', '抹茶', '兔', '黃', '2018-04-01', '2018-03-10 15:00:00', '3', '東區', 2, '成年', '大型', '公', 'id_4.jpg', false);
insert into animal(status, name, specie, color, found, upload, city_id, district, member_id, age, size, gender, file_name, disabled) values  ('開放認養', '橘子', '鳥', '橘', '2017-05-01', '2018-03-10 16:00:00', '8', '左營區', 2, '幼年', '中型', '母', 'id_5.jpg', false);
insert into animal(status, name, specie, color, found, upload, city_id, district, member_id, age, size, gender, file_name, disabled) values  ('開放認養', '豬仔', '狗', '白', '2017-06-01', '2018-03-10 17:00:00', '8', '北投區',2, '老年', '大型', '公', 'id_6.jpg', false);
insert into animal(status, name, specie, color, found, upload, city_id, district, member_id, age, size, gender, file_name, disabled) values  ('開放認養', '厭世狗', '狗', '白', '2017-07-01', '2018-03-10 18:00:00', '1', '左營區',3, '幼年', '小型', '母', 'id_7.jpg', false);
insert into animal(status, name, specie, color, found, upload, city_id, district, member_id, age, size, gender, file_name, disabled) values  ('開放認養', '厭世貓', '貓', '白', '2017-08-01', '2018-03-10 19:00:00', '15', '北投區',3, '幼年', '大型', '公', 'id_8.jpg', false);
insert into animal(status, name, specie, color, found, upload, city_id, district, member_id, age, size, gender, file_name, disabled) values  ('開放認養', '勒布朗', '狗', '咖啡', '2017-09-01', '2018-03-10 20:00:00', '1', '西區',3, '老年', '大型', '公', 'id_9.jpg', false);
insert into animal(status, name, specie, color, found, upload, city_id, district, member_id, age, size, gender, file_name, disabled, remark) values  ('開放認養', '亨利', '兔', '咖啡', '2017-10-01', '2018-03-10 21:00:00', '3', '西區',3, '幼年', '小型', '母', 'id_10.jpg', false, '在豐圳公園角落發現一個紙箱，裝著一隻大兔子，因當天寒流來襲，兔子又餓又冷也沒什麼體力，我馬上帶回來家裡，但因為家裡已經有兩隻兔子了，所以希望幫他們找到更棒、更合適的家。
【個性】
亨利（很大隻）：較外向，勇於探索世界。

【狀況】
年齡約1~2個月。
活潑可愛、愛吃、黏人。
已至動物醫院檢查沒問題。
早中晚各一餐，都餵食飼料加上提摩西草。');

/*4 article */
INSERT INTO CATEGORY(NAME) VALUES ('寵物');
 
INSERT INTO CATEGORY(NAME) VALUES ('心得');

INSERT INTO CATEGORY(NAME) VALUES ('開箱');

INSERT INTO CATEGORY(NAME) VALUES ('閒聊');

INSERT INTO CATEGORY(NAME) VALUES ('情報');

INSERT INTO CATEGORY(NAME) VALUES ('問題');

 
insert into article (subject,content,post_Time,UPDATE_TIME,MEMBER_ID,CLICK,THUMBS_QUANTITY,CATEGORY_ID,images,status) values ('Tips for Living with a Cat in a Apartment','Cats Can be Good Roommates
Having a cat living inside the home is known to produce a number of positive health benefits for people. Pets – especially cats - are increasingly being allowed in many rental units. Even dogs - especially small ones – are finding their way into apartments in both urban and suburban settings. Indoor living also has quite a few advantages for the cats: they are at much less risk of being hit by cars, getting into fights, getting lost, becoming pregnant or impregnating other cats, catching contagious diseases and becoming infested with external and internal parasites. Cats are among the best-suited of all companion animals to living their lives entirely inside of an apartment or other small dwelling. However, before bringing a cat into a home, rented or otherwise, prospective owners should consider whether or not this arrangement is going to be right for them, and for their cats, over the long haul.','1999-01-08 04:05:06','1999-01-08 04:05:06',3,9,0,1,'https://i.imgur.com/ONQa0zH.jpg',true);

insert into article (subject,content,post_Time,UPDATE_TIME,MEMBER_ID,CLICK,THUMBS_QUANTITY,CATEGORY_ID,images,status) values ('Living with Cats in Apartments: How to Make It Work in a Tiny Space','I’m almost living the dream. Well, my dream. My tiny dream. While some people dream about mansions or penthouses, I dream of wee little homes on wheels with snug lofts and crannies. I don’t quite have my wheeled house of dreams yet, but in moving to Japan I got pretty darn close. My apartment is the smallest I’ve ever inhabited, and I LOVE IT. But living with cats in apartments does have its challenges:','2015-01-07 00:00:00','2015-01-07 00:00:00',2,7,0,2,'https://i.imgur.com/gYOdLju.jpg',true);

insert into article (subject,content,post_Time,UPDATE_TIME,MEMBER_ID,CLICK,THUMBS_QUANTITY,CATEGORY_ID,images,status) values ('【台中早午餐推薦】嗝Gé寵物餐廳．毛小孩咖啡廳。老宅改建餐廳，寵物親善餐廳，有可愛的法鬥和八哥犬駐店，可以從早午餐吃到下午茶','
話說我個人對寵物並沒有多大的熱情，不過法鬥卻是例外的惹我憐愛，總覺得看起來無辜又可愛，而且胖嘟嘟的外型好像小嬰兒一樣…XD

這天是臨時得到半天空閒，所以就當了跟屁蟲來到這間新開的 《嗝Gé寵物餐廳》…
《嗝Gé寵物餐廳》位於忠勤街上，林森路往復興路的方向，看到忠勤街右轉，大概前方100公尺右手邊就是了…
外觀也是一間老宅，沒有仔細看的話，還真不曉得它是一間餐廳呀！
《嗝Gé寵物餐廳》是一間寵物親善餐廳，如果家裡有小狗狗的話，很歡迎帶到這裡，當然~沒有狗的話也是可以來的啦！
老宅改建餐廳，門口有一個庭院…
因為怕店裡的小狗狗會亂跑的關係，所以有用柵欄圍起來…
我覺得《嗝Gé寵物餐廳》的氛圍和《默默手作輕食》有點像，很巧的是默默也有一隻店長叫碗果
吧檯上放了很多狗狗造型的製品…
主食…以手作麵包和貝果為主！
這裡的座位區不算少，而且以木質傢俱為主，乾乾淨淨的，很素雅…
套餐沙拉 - 木呈盤看起來質感加分…
和風咖哩雞肉飯 - $220元，這邊的咖哩飯不是使用調理包，味道濃郁卻很溫和，不會偏甜也不會偏辣… 
早午餐A．起司漢堡排 - $200元，主餐有3種選擇，我選擇了法式吐司，吃起來口感滿嫩的，不過因為有淡淡的肉桂味，所以~可能要看人吃！
漢堡排肉質很細膩，吃起來還滿滑嫩啾西的，上面的起司拌演著畫龍點睛的作用，並不會過於搶戲…
早午餐B．培根與香腸 - $190元，這份搭配的是貝果，所以視覺上好像又更澎派一些…
香腸和培根熟度都煎的很剛好，也不會過於油膩，香腸吃起來脆脆的，鹹度高了些…
早午餐C．香草雞 - $200元，感覺還滿養生的耶！
調味料很簡單，帶點迷迭香的味道，雞肉口感並不會顯柴…
附餐紅茶 - 喝起來帶有復古味，而且有厚度…
洛林經典鹹派 - $130元
檸檬蛋糕 - $80元
拿鐵咖啡 - $130元，這杯比較普通，感覺表現沒有紅茶來的出色…
★餐點介紹完了，現在來看店狗，他是一隻法國鬥牛犬，名字叫皮皮…！我至少拍了50張，沒有糊的大概只有10張…@@"…(它太好動了啦！XD) 
哈哈…哪裡有食物就往哪邊去，下次來我也要帶狗糧…
太萌了，真的…
★這是另外一隻店狗，八哥犬，他的名字叫皮蛋…^^…(其實另一隻應該改名叫豆腐的！)
他都不看我，我只拍的到他的屁股…所以照片是宅青提供的！甘蝦~
累了，用頭撞門，然後…主人就幫他開門了…主人邊開邊說：「他真好命捏，我就負責幫他開門…！！」XD','2015-04-16 00:00:00','2015-04-16 00:00:00',2,8,0,5,'https://i.imgur.com/aE4VGkC.jpg',true);

insert into article (subject,content,post_Time,UPDATE_TIME,MEMBER_ID,CLICK,THUMBS_QUANTITY,CATEGORY_ID,images,status) values ('養貓新手上路（認養貓咪的觀念＆帶貓咪回家要注意的事）','<h2>養貓新手上路（認養貓咪的觀念＆帶貓咪回家要注意的事＆貓咪的日常清潔與運動＆日常生活該怎麼照顧＆關於結紮這檔事＆貓咪生的什麼病？！）&nbsp;</h2><p>&nbsp;認養貓咪的觀念， 認養前，我們的10個約定：&nbsp;</p><ul><li>請給我一點時間，讓我瞭解你對我的要求</li><li>請信任我，這是我幸福的泉源</li><li>請不要忘記，我也是有血有肉的</li><li>在責罵前，請先試著瞭解我</li><li>請偶爾對我說說話，雖然我聽不懂，但我懂你的心</li><li>請不要打我，別忘了，我認真起來是比你還強壯的</li><li>請好好照顧我，當我逐漸變老時</li><li>請記住，你有你的工作、娛樂和朋友，但我就只有你</li><li>請想想，我的生命有10~15年，遺棄我會是對我最大的傷害</li><li>請在我最終離去前陪著我，這是我最後的心願。最後，請記得，我愛你。</li></ul><p>另外請注意：&nbsp;</p><ol><li>如家中已有貓咪者，家中的貓是否已完成疫苗注射？</li><li>隔離籠或小房間已準備妥當？</li><li>貓咪的水盆、飼料、貓砂盆是否已準備？</li><li>外出提籠是否已準備？</li><li>家俱可能會受傷的這件事，是否已準備包容?</li></ol><figure class="image"><img src="https://16608.cdn.cke-cs.com/nZO2k5WiHIWjQYuCvKvS/images/a81ac234bdf90c5213d6d8474387727b6b0b4e291f7eb770_貓床2.jpg" srcset="https://16608.cdn.cke-cs.com/nZO2k5WiHIWjQYuCvKvS/images/a81ac234bdf90c5213d6d8474387727b6b0b4e291f7eb770_貓床2.jpg/w_144 144w, https://16608.cdn.cke-cs.com/nZO2k5WiHIWjQYuCvKvS/images/a81ac234bdf90c5213d6d8474387727b6b0b4e291f7eb770_貓床2.jpg/w_224 224w, https://16608.cdn.cke-cs.com/nZO2k5WiHIWjQYuCvKvS/images/a81ac234bdf90c5213d6d8474387727b6b0b4e291f7eb770_貓床2.jpg/w_304 304w, https://16608.cdn.cke-cs.com/nZO2k5WiHIWjQYuCvKvS/images/a81ac234bdf90c5213d6d8474387727b6b0b4e291f7eb770_貓床2.jpg/w_384 384w, https://16608.cdn.cke-cs.com/nZO2k5WiHIWjQYuCvKvS/images/a81ac234bdf90c5213d6d8474387727b6b0b4e291f7eb770_貓床2.jpg/w_464 464w, https://16608.cdn.cke-cs.com/nZO2k5WiHIWjQYuCvKvS/images/a81ac234bdf90c5213d6d8474387727b6b0b4e291f7eb770_貓床2.jpg/w_544 544w" sizes="100vw" width="544"></figure>','2015-10-10 00:00:00','2015-10-10 00:00:00',3,51,0,2,'https://i.imgur.com/jp1wO6P.jpg',true);

insert into article (subject,content,post_Time,UPDATE_TIME,MEMBER_ID,CLICK,THUMBS_QUANTITY,CATEGORY_ID,images,status) values ('養狗知識: 狗狗動作及身體語言','<h3><i>你知道狗狗的很多動作其實是有特別意思的嗎? 以下是一些典型的犬隻肢體語言:&nbsp;</i></h3><ol><li>聞地面：這個動作被認為是當狗狗害怕對方（人或狗）時，想要使對方冷靜的信號。</li><li>一瞬間轉頭，把頭或眼睛轉向別方，有時這只是一瞬間的動作，可能您根本沒注意到這樣的行為。當小朋友跑向狗狗要抱牠時，害怕的狗狗可能就會有這樣的動作。 所以，請特別告誡小朋友，不要接近一隻瞪著你的陌生狗狗，"瞪著你"在狗狗的肢體語言就代表了攻擊性。當然，在沒有大人可隨時監看著的情況下，最好不要讓小朋友任意接近陌生的狗狗。&nbsp;</li><li>舔自己的鼻子：快或慢，都被認為是安撫陌生的對方的信號。而且有趣的是，黑色的狗狗會比其他毛色的狗狗更常使用這個動作。可能是因為黑色的狗狗比較不容易被看清楚臉部表情，而粉紅色的舌頭又特別明顯吧。&nbsp;</li><li>舔其他狗狗或人的臉：這普遍被認為是歡迎你的動作，有可能也是一個安撫的信號。&nbsp;</li><li>打呵欠：這是最普遍的一個正處於壓力下的信號。最常看到的時候就是在動物醫院、服從訓練中狗狗覺得主人要求太多、或被主人教訓時。&nbsp;</li><li>尾巴搖搖、兩腳站起、用前腳抓你：狗狗想要玩遊戲，表示想邀請你和他玩。熱情的狗狗，最希望你陪他一起玩，不管是你丟我撿、你跑我追、搶玩具。&nbsp;</li><li>翻著身子躺在地上，把肚子露出：狗狗認輸臣服的表示，肚子是狗狗最脆弱的地方，遇到老大或是比自己強勢的狗，認輸的一方便會躺在地上把肚子露出來，表示自己沒有敵意，你是老大般地向你釋出誠意。&nbsp;</li><li>尾巴搖動的速度越快：狗狗常常都是開心的，尤其是看到主人回家，幫他準備晚餐；或是聽到熟悉的腳步聲，知道你即將帶他出門散步。&nbsp;</li><li>露出牙齒低吼，或直接對目標狂吠：狗狗生氣，警告不要靠近，通常他們不會這樣對待你，但如果真的生氣了，狗狗會露出牙齒低吼示威。並不是真的要咬你，就像西部電影的牛仔生氣時，愛拔出武器示威一樣。&nbsp;</li><li>尾巴會垂下，屁屁向內弓：「夾著尾巴逃跑，先溜為妙」絕對是從狗狗得來的成語，狗狗感到害怕時，狀況不對先溜為妙。</li></ol>。','2018-05-07 00:00:00','2018-05-07 00:00:00',4,48,0,2,'https://i.imgur.com/NpK8a0G.jpg',false);

insert into article (subject,content,post_Time,UPDATE_TIME,MEMBER_ID,CLICK,THUMBS_QUANTITY,CATEGORY_ID,images,status) values ('請問養一隻狗開銷怎麼樣?','<p>問這問題是因為過去幾十年來, 從我爸小時候算起, 到現在我都快四十了, 我爸也當阿公了, 但我們家就是從來沒養過任何寵物. 所以自然對這方面的知識與經驗=0&nbsp;</p><p>其實我們家是蠻喜歡狗的, 兒子最近在嚷嚷說想養一隻, 只是一直沒有很認真的想要去做這件事. 能不能借這個版問一下, 請教各位, 先撇開購入幼犬的費用不計.....單純就幼犬抱回家之後, 大概每個月或每年要面臨哪些開銷啊? 能否用黃金獵犬跟威爾斯柯基犬, 這二種大小的狗, 讓我知道一下花費的預算大概會是多少啊? 非常感謝!!</p>','2018-03-07 00:00:00','2018-03-07 00:00:00',5,35,0,6,'https://i.imgur.com/e9i9jC5.jpg',true);

insert into comment (detail,update_Time,Article_Id,Member_Id) values ('我想~~這問題就像是人家問"養一個小孩要花多少錢"
意思是差不多的

可以貴著養也可以簡單隨便養
健康的花不了太多錢
一天到晚生病的醫藥費比人的還恐怖
有人天天煮新鮮的狗狗吃
有人一包國產飼料隨便餵
有人每周送洗美容
有人從來不洗狗

你只需要衡量狗來了後
家中沒人想照顧嫌牠麻煩時
你是否有把握養牠一輩子','2018-05-18 00:00:00',6,2);

insert into comment (detail,update_Time,Article_Id,Member_Id) values ('我自己經驗
養一隻約20kg中型犬
吃大包裝價位2500左右的飼料
加上必要的體外除蟲跟心絲蟲預防藥
一個月抓個2000~2500左右吧
(大概啦,沒精算)

但洗澡是自己洗
也不含零食玩具等

我養的是最好照顧的米克斯
還會偶而皮膚過敏跑跑獸醫院
養品種犬的話最好先研究一下遺傳疾病
有心理準備再養

最重要的是要確定自己跟家人都能對牠不離不棄
因為這是十幾年的承諾
祝福你~','2018-05-19 00:00:00',6,4);

insert into article (subject,content,post_Time,UPDATE_TIME,MEMBER_ID,CLICK,THUMBS_QUANTITY,CATEGORY_ID,images,status) values ('想養刺蝟的人看過來~','<h3>想養刺蝟的人請先考慮以下三點:&nbsp;</h3><ol><li>刺蝟跟鼠類的寵物是不太一樣的，照顧上也會比較麻煩。例如:刺蝟的腸道短，跑輪輪的時候會一邊興奮一邊拉屎~所以天天都要清理便便風火輪。&nbsp;</li><li>刺蝟並不親人!!!通常網路上有名的刺蝟，那種在主人手上睡覺的都是比傳說卡還稀有的等級~一般刺蝟都很膽小，甚至有的飼主花了一年的時間他家刺刺還是鳥都不鳥他==...我們家的算溫和，只要被捧起來之後怎麼跟她玩都不會生氣:D&nbsp;</li><li>刺蝟的大便滿臭的，因為他是肉食性的，據說跟貓屎差不多。雖然我沒養過貓，但真的滿臭的。阿排只要一大便，我就聞得出來，還曾經清晨被便便臭醒過...QQ 如果已經再三考慮，打算進入飼養階段的話，那我再說說刺蝟入手的方式與飼養常見的問題。 入手方式基本上就是去寵物店買or等領養or等人家生的寶寶。 沒錯，刺蝟是可以領養的，而且機率並沒有想像中低。建議加入一些刺蝟fb社團，裡面很多機會:D 我個人是很不希望各位去寵物店購買，因為寵物店的刺蝟大都體弱多病，而且寵物店不只會推薦不適合的飼料，也會亂教你怎麼養!!!刺蝟絕對需要分籠飼養，但很多寵物店都隨便養，墊材跟窩都準備的很爛，也沒有保溫燈。就算你那兩隻感情好不會打架，刺蝟也是獨居動物，請尊重他們的習性。(但是有時候看到魚X魚裡面可憐的小東西，還是很想把他們拯救出來... 飼養常見的問題如下，給新手參考。 飼養前當然要做足功課，我當初因為是自己的第一隻寵物所以很緊張地找了一堆資料。&nbsp;</li></ol><h4>刺蝟需要的基本用品有:&nbsp;</h4><ol><li>大型整理箱(也有人是買圍籬放養。)&nbsp;</li><li>墊材:貓砂or尿布墊(貓砂最好選低粉塵的，推薦玉米砂或紙砂) ps最好不要太香，我當初亂買綠茶砂，第2天我的刺蝟就拉出綠茶砂便便...&nbsp;</li><li>裝水跟食物的碗，重一點比較不會被頂翻，有人是用菸灰缸。&nbsp;</li><li>30公分以上大滾輪。網路上比較好找，寵物店很少有賣。&nbsp;</li><li>保溫燈or暖暖包。刺蝟適宜溫度是25度左右，台灣的天氣絕對需要保暖工具。不過保溫燈之前還滿常有刺友發生電線走火等意外...可以想見箱子裡的小東西有多驚恐!!!所以有些人是堅持用暖暖包+很厚的窩。 刺蝟的飼料挑選: 刺蝟是肉食性的，而且有乳糖不耐症。一般是使用貓飼料無穀雞肉口味搭配各種蟲蟲點心(杜比亞蟑，大麥蟲等等)。&nbsp;</li></ol><h4>刺蝟的習性:&nbsp;</h4><ol><li>夜行性。我覺得夜行性還滿符合我的生活作息的，就晚上睡覺前抱著她打電腦，跟她玩一下，然後聽著她跑滾輪的聲音入睡。&nbsp;</li><li>挫青屎。人家緊張就會挫青屎，很黏很深的綠。牠跟你第一次見面難免會這樣，不是生病不要太緊張。&nbsp;</li><li>舔背，吐泡泡。刺蝟很軟Q，要記味道的時候會把味道舔到背刺上，很萌。&nbsp;</li><li>鑽鑽，他們愛鑽洞。所以衛生紙捲的心可以給他們玩，品客罐洗乾淨也很好玩~阿排小時候還可以在品客罐裡轉身，現在漲大了要出來都只能倒退嚕了。&nbsp;</li><li>翻肚。看個性，我家的極力抗拒，不過我男友就特愛翻她。對了，刺蝟水上飄雖然很可愛，但別嘗試，耳朵很容易進水。&nbsp;</li></ol><p>其實還有很多有趣的可以講，不過先打這樣吧~大家有反映希望在更深入了解的話我再多說。 最後附上一張欺負她的照片XD 還滿多人問關於蟲的問題，所以我再補充一下: 蟲是野生刺蝟的主食，但對於寵物刺蝟我們無法提供多樣的蟲種，只餵蟲是會營養不良的。所以寵物刺蝟的主食還是飼料，蟲算點心與營養補充品，最營養的種類應該是杜比亞蟑。 還有，水族館購買回來的蟲病菌很多，餵之前先用水果餵養一週之後再餵給刺寶吃比較好。 網路上也有神人自行開發麥皮蟲農場，並自製蟲的果凍控制養出來的蟲的養分，有興趣可以google看看⊙ω⊙</p>','2015-03-20 00:00:00','2015-03-20 00:00:00',5,25,0,1,'https://i.imgur.com/ztunEGL.jpg',true);

insert into article (subject,content,post_Time,UPDATE_TIME,MEMBER_ID,CLICK,THUMBS_QUANTITY,CATEGORY_ID,images,status) values ('給養鳥新手的建議--基本養鳥常識','<ol><li>養之前一定要先做功課 知道鳥需要什麼，以及評估自己適不適合養鳥，適合養什麼鳥。 (雖然許多人都知道養寵物要做功課，卻忽略做功課的＂方法與途徑＂才是飼養心態、方式是否正確的關鍵。 網路上常見以訛傳訛、不正確飼育示範，甚至資訊根本錯誤的現象。 多問、多看、多聽、多學固然重要，但飼養者本身得能有過濾資訊的能力。 若能多花心思與時間；同時與醫師討論及多閱讀相關書籍，對於飼育才能真正算是做對一門功課。BY.Joyce Lu)&nbsp;</li><li>鳥不能只吃單一穀物 EX:蛋黃粟.瓜子 鳥在野外的飲食非常多元，長期攝取單一的飲食會導致鳥營養失調，甚至生病.死亡。 均衡的飲食非常重要，健康的鳥抵抗力好就更不容易生病，預防勝於治療。&nbsp;</li><li>不管再乖的鳥都會飛走 遇到危險就飛是鳥的天性，身為是飼主必須保護鳥的安全，不能因為平常鳥兒很黏人，就在毫無防範下帶他出門。 記住手養鳥是不能在野外生存的，飛走的下場不是冷死餓死就是死於意外，幸運一點的或許被人撿走，但是沒人知道下一個飼主是否對他好。 所以當鳥出籠時請關好門窗，如果家裡存有飛走的風險請剪羽。 (剪羽不會痛，也不是完全不會飛，只是飛不高) 3.鳥不能只養在站台上 很多人把中大型鳥鍊在鳥架上，那是很殘忍且不人道的行為，請籠子和站台交替使用。&nbsp;</li><li>鳥不能吃人類的食物 油.鹽.糖等人類的調味料會對鳥身體造成很大的負擔，另外鳥不能吃含有巧克力.咖啡因.的食物，乳製品.水果的籽和酪梨鳥也不能吃。</li><li>最好不要只用一個尺寸的棲木 鳥整天都站著，所以適合的棲木對鳥來說很重要，一直都同樣粗系可能造成腳的病變。&nbsp;</li><li>羽毛不是萬能冬天請保溫 有人會覺得鳥長滿羽毛不怕冷，這絕對是錯誤的。 鳥冷的時候羽毛會澎起來，可以依每隻鳥的情形決定要不要開保溫燈了。但是無論如何，冬天絕對不可以放著吹冷風。&nbsp;</li><li>鳥不乖是主人的問題 雖然鳥本身就有個性，但是主人的教養方式也影響很大，就像小孩不乖會覺得是父母沒教好，鳥不乖也要檢討是不是自己的養育方式出了問題。(可能太久沒陪他或是太寵他了) 另外咬人和大叫是鸚鵡的天性，養之前請接受這個事實。&nbsp;</li><li>鳥沒有說人話的義務 常看到有人一直問鳥什麼時候會說話，要鳥說話也必須要主人花心思去教才行，人類小孩也不是一出生就會說話，何況是鳥。 還有鳥不是人類，沒有說人話的義務，如果因為不說話而責怪鳥，請重新審是當初養鳥的理由，如果只是因為希望會說人話，建議還是買個錄音機比較快....&nbsp;</li><li>多花心思與時間觀察 鳥很會隱藏病情，如果有屁股黏大便等生病的症狀，都已經很嚴重了。 所以平實的觀察很重要，每天要注意鳥的狀況，大便是否有異狀，食量是否減少，提早發現趁早處哩，避免悲劇發生。&nbsp;</li><li>飼養空間不能太小及每天放風 再忙每天都還是要讓鳥出來走走，十分二十分也好，籠子也不能太小，至少要能讓鳥在籠內盡情拍翅膀，鸚鵡是高智商動物，最好在籠內放置玩具給鳥打發時間以免造成心理疾病。 活動空間不足或是長時間囚禁不放風可能導致鳥兒出現制式化行為。 ***** 以上是我養鳥多年的心得，有什麼意見或問題歡迎提出來討論</li></ol>','2017-08-07 00:00:00','2015-08-07 00:00:00',2,72,0,1,'https://i.imgur.com/DY8syeC.jpg',true);

insert into article (subject,content,post_Time,UPDATE_TIME,MEMBER_ID,CLICK,THUMBS_QUANTITY,CATEGORY_ID,images,status) values ('你們家的貓咪睡哪種床呢？','<p>最近養了雙喵才知道原來貓咪跟狗狗東西一樣好買， 狗狗可能花在衣服上面可以花上很多錢， 但我發現喵喵不但有抓版，跳台，還有各式各樣碗跟水盆， 還有床可以買，加上我發現我家喵喵竟然會乖乖在自己床睡覺時候， 而且用了三星期觀察，雙喵到時間就會各自回各自床睡覺， 不會亂睡在床底下或者平日休息地方， 甚至上來床上撒嬌之後還是會回到自己的床上去睡覺， 不會打擾任何人，就像那床是他房間一樣！我的慾望就一直上升，想幫他們升級更好的床， 今天在樂天上看到這個<a href=" http://ppt.cc/8py0"> http://ppt.cc/8py0</a><a href=""> </a><a href="http://ppt.cc/mEqr">http://ppt.cc/mEqr</a>&nbsp;</p><p>整個好適合雙喵唷！ 加上他是可以拆開來變成單人床！ 慾望整個大上升～～～～ 但是看到價格之後就默默關掉， 一萬多的床還是拿來給毛孩子吃飯比較實在！ 這是網友請人家木工訂製的&nbsp;</p><p><a href="http://ppt.cc/JdVe">http://ppt.cc/JdVe</a>&nbsp;</p><p>還有小桌子整個很豪華耶！ 但我想價格應該也不太便宜才是啦&gt;"&lt; 還有適合多喵的上下床</p><p>&nbsp;<a href="http://ppt.cc/KejK">http://ppt.cc/KejK</a>&nbsp;</p><p>看了真的是讓我哇哇叫，也太夢幻了！ 重點是喵咪會乖乖去睡耶～～～ 這個是看了有打算購入放在雙喵阿嬤家的&nbsp;</p><p><a href="http://ppt.cc/2TnO">http://ppt.cc/2TnO</a>&nbsp;</p><p>我們每星期都會回台北，但是雙喵都沒地方窩，所以有打算買這個 這個屋頂是可以拆開來的，底部是塑膠可以清洗的， 感覺很適合雙喵阿嬤潔癖個性，也可以很方便清洗， 加上他的屋頂可以掀開蓋起來，很適合愛偷窺的喵麻我:P 但是看來看去很多木床 最後應該是會買lkea的 好像版上也有版友推薦&nbsp;</p><p><a href="http://ppt.cc/UlQI">http://ppt.cc/UlQI</a>&nbsp;</p><p>這個加上被套組是799 比之前版友推薦貴了一百，不過感覺很有質感， 正打算回台北時候去看看看是不是要購入回來～ 目前我們家雙喵是睡在類似這種</p><p>&nbsp;<a href="http://goo.gl/qJNSl">http://goo.gl/qJNSl</a>&nbsp;</p><p>畢竟剛開始帶他們回家很擔心他們不睡所以剛開始購入最便宜的 各位版友喵咪都睡哪裡呢？ 還是喵咪都跟各位睡呢？</p>','2018-04-08 00:00:00','2018-04-08 00:00:00',4,22,0,6,'https://i.imgur.com/eeAipHv.jpg',true);

insert into article (subject,content,post_Time,UPDATE_TIME,MEMBER_ID,CLICK,THUMBS_QUANTITY,CATEGORY_ID,images,status) values ('這到底是什麼動物？！毛絨絨的「謎之生物」你有看過嗎？','<p>日前，位於日本的茨城縣かみね動物園，被拍到了一張引人熱議的動物照片，照片中的動物只露出了四隻腳，還被許多毛絨絨的尾巴包覆住，讓前來動物園觀賞的民眾們不禁滿頭霧水，想說動物園什麼時候進了如此奇異的新品種？</p><p>照片中可見，這個「不知名生物」不僅被毛絨絨的黑白相間尾巴包覆住之外，還露出了兩顆以上的頭，整體身軀呈現圓形，面向外頭的表情，看起來正很舒適地睡覺著。</p><p>這張「謎之生物」的照片被上傳至網路上分享後，立即引來大批網友熱議，紛紛猜測這是什麼新的物種嗎？怎麼從來沒見過？但答案一下子就揭開了，而且這種生物只有在「天氣冷」的時候才會以這樣子的型態出現。</p><p>牠們的原型就是熱門電影《馬達加斯加》裏曾出現過的「狐猴」，擁有毛絨絨的可愛尾巴，根據かみね動物園負責「狐猴」的篠原久飼育員所述，這些狐猴之所以會聚集在一起，是因為那幾日正好碰上寒流，動物園內非常低溫，所以狐猴們才會窩在一起取暖，形成一顆球的樣子，但他也說，這是第一次看到狐猴們有這樣子的行為，可以說是非常稀有。</p><p>位於日本茨城縣日立市的かみね公園內的かみね動物園，除了園區內高達一百多種的動物之外，最出名的就是可以從園區內的高處平台眺望太平洋，而かみね動物園為了要讓民眾可以與動物們有更進一步的互動，也在近年新增了許多動物們的戶外活動設施，讓前來參觀的民眾可以在近距離內觀賞動物，像是文中狐猴所在的區域，園方就新建了個「サルの楽園（猴子的樂園）」，大小朋友們都可以在這些新架設的高台上看著猴子們玩耍。</p><p>這些窩在一起的狐猴總共有「十八隻」，看著他們窩在一起取暖的幸福模樣，雖然現在已經要邁向夏天了，但這張照片完全可以存起來冬天的時候拿出來讓眼睛取暖XD</p>','2018-05-07 00:00:00','2018-05-07 00:00:00',10,23,0,4,'https://i.imgur.com/zL3Eeo5.jpg',true);

insert into article (subject,content,post_Time,UPDATE_TIME,MEMBER_ID,CLICK,THUMBS_QUANTITY,CATEGORY_ID,images,status) values ('【寵物專欄】毛小孩們的飲食大忌','<p>關於哪些人類食品不應該跟貓貓狗狗分享，不管是在網路上，還是流傳於親朋好友口耳之間，小道消息又多又雜亂，各位讀者們是否和筆者一樣，總是覺得有些無所適從呢？好消息是，從現在起不用再憂慮了，「Frontiers in Veterinary Science」在今年三月份刊出一篇文章，回顧了各種不宜貓狗寵物食用的人類食物。現在就讓我們來看看哪些毛孩子是要忌口的吧！<strong> </strong><span id="more-25484"></span></p>
<figure id="attachment_25507" style="width: 400px" class="wp-caption alignleft"><img class="wp-image-25507" src="https://case.ntu.edu.tw/blog/wp-content/uploads/2016/09/19-2-1.jpg" alt="幾種常見的蔥屬植物食材：洋蔥(左上)、韭蔥(右上)、青蔥(左下)、蒜(右下)。圖片來源：維基百科。" width="400" height="396" /><figcaption class="wp-caption-text">幾種常見的蔥屬植物食材：洋蔥(左上)、韭蔥(右上)、青蔥(左下)、蒜(右下)。圖片來源：維基百科。</figcaption></figure>
<p><span style="color: #008080;"><strong>●蔥屬植物 (<em>Allium</em> spp.)</strong></span></p>
<p>蔥屬植物大多數都具有膨大的鱗莖、散發濃重氣味等等特色，如洋蔥、蒜、蔥、韭菜等等，是廣泛使用於各類料理的超常見蔬食食材之一。蔥屬植物含有有機硫化物，在經咀嚼之後，會轉化成一系列複雜的硫化合物，在貓狗體內會引發氧化溶血作用 (oxidative haemolysis)，導致變性血紅素血症 (methemoglobinemia)，並使紅血球內的血紅素蛋白氧化形成海因茲氏小體 (Heinz bodies)，使貓狗貧血。</p>
<p>這類的硫化合物，無法透過清洗、烹調或乾燥等等加工處理手續自食物中清除。先前的報導指出，貓狗吃下自己體重0.5% (貓) 或1.5－3% (狗) 重量的洋蔥，就會出現明顯的血液問題。中毒發病速度依食用量而異，大抵在一到數天內會出現嘔吐、腹瀉、腹痛、無食慾、情緒低落等症狀，貧血發生後會陸續出現粘膜蒼白、體弱、呼吸及心跳急速、黃疸、或因血紅素尿 (haemoglobinuria) 而導致的小便黃赤現象。曾經有貓狗因為吃太多蔥屬植物食物而死亡的案例。目前尚無解毒劑可以對付這類型的食物中毒事件，最直接的解決方案是在誤食後兩小時內進行催吐，或是用輸血的方法救助貧血症狀嚴重的動物。</p>
<p><span style="color: #008080;"><strong>●葡萄及葡萄乾</strong></span></p>
<figure id="attachment_25508" style="width: 650px" class="wp-caption aligncenter"><img class="wp-image-25508" src="https://case.ntu.edu.tw/blog/wp-content/uploads/2016/09/19-3.jpg" alt="圖片來源：維基百科，by Franco di filippo (CC-BY-SA-3.0)。" width="650" height="334" /><figcaption class="wp-caption-text">圖片來源：維基百科，by Franco di filippo (CC-BY-SA-3.0)。</figcaption></figure>
<p>沒錯，各種含有葡萄成分的食品，都對狗狗都不好。已經有很多臨床案例顯示狗狗吃葡萄或葡萄乾會引發腎衰竭。但是詳細的毒理機制仍然不明朗，像是到底是葡萄裡的什麼成份有毒、為什麼對腎臟具有毒性等等問題，至今尚無明確解答。此外，不同的狗狗對葡萄毒性的忍受力差異頗大，有些狗可以吃到一公斤的葡萄仍無中毒症狀，但有些狗只要吃幾顆葡萄就會死。一般來說，狗狗在吃到葡萄後的 24小時內的中毒初期會嘔吐，後期會出現腹瀉、厭食、嗜睡、腹痛、乏尿或無尿等等症狀。如果能夠確定狗狗是因為短時間內吃到葡萄而出現病徵，則可以使用催吐或服用活性炭的方式治療。因為狗狗葡萄中毒的死亡率高達50—75%，所以吃到葡萄的狗狗都應該接受至少兩到三天的住院積極治療，至少三天的觀察時間觀察腎功能運作是否正常。</p>
<figure id="attachment_25509" style="width: 450px" class="wp-caption alignleft"><img class="wp-image-25509" src="https://case.ntu.edu.tw/blog/wp-content/uploads/2016/09/19-4.jpg" alt="圖片來源：維基百科，CSIRO (CC BY 3.0) 。" width="450" height="294" /><figcaption class="wp-caption-text">圖片來源：維基百科，CSIRO (CC BY 3.0) 。</figcaption></figure>
<p><span style="color: #008080;"><strong>●夏威夷果仁 (Macadamia nuts)</strong></span></p>
<p>很多餅乾、蛋糕、點心棒等等食品，因為添加了低膽固醇、低鈉、又富含維他命B1的夏威夷果仁，讓人在享受甜食時少了一點損害健康的罪惡感。但如果把你的點心和狗狗分享，可就要為損害狗狗的健康感到罪惡。雖然目前還沒有研究指出是夏威夷果仁裡的什麼成分讓狗狗中毒，但已知狗狗吃下自己體重0.07%重量的夏威夷果仁，就可能引發身體不適。中毒的狗狗大抵在誤食後12小時內會有後肢無力、情緒低落、嘔吐、失調、發抖、高燒、腹痛、懶散、僵直、仰臥及口腔粘膜蒼白等等不正常的現象。好在是夏威夷果仁的毒性不算太兇猛，截至目前為止，還有沒狗狗因為吃了夏威夷果仁而致命的案例，大多數中毒的狗狗在休養一兩天內就會恢復正常。<strong> </strong></p>
<p><span style="color: #008080;"><strong>●啤酒花（Hops）</strong></span></p>
<figure id="attachment_25510" style="width: 650px" class="wp-caption aligncenter"><img class="wp-image-25510" src="https://case.ntu.edu.tw/blog/wp-content/uploads/2016/09/19-5.jpg" alt="圖片來源：維基百科，Visitor7 (CC-BY-SA-3.0)。" width="650" height="433" /><figcaption class="wp-caption-text">圖片來源：維基百科，Visitor7 (CC-BY-SA-3.0)。</figcaption></figure>
<p>在釀製啤酒時為增加啤酒風味及泡沫穩定性而加入的啤酒花，不管是新鮮的還是用過的，對狗狗來說都是劇毒，雖然啤酒花讓狗狗中毒的機制，和葡萄、夏威夷果仁一樣目前還不清楚。誤食啤酒花的狗狗會數小時內出現惡性高熱 (malignant hyperthermia) 的現象，症狀包括發高燒、焦慮、心跳加速、呼吸急促、氣喘、嘔吐、腹痛和痙攣。即使是受到積極治療的狗狗，死亡率還是很高，所以即便是啤酒花不是一般家庭冰箱或儲藏室裡會有的東西，飼主們自己喝啤酒、或是帶狗狗去啤酒工廠遊玩時，一定要多加注意狗狗是不是偷偷吃喝了什麼不該碰的東西。</p>
<figure id="attachment_25511" style="width: 300px" class="wp-caption alignleft"><img class="wp-image-25511" src="https://case.ntu.edu.tw/blog/wp-content/uploads/2016/09/19-6.jpg" alt="圖片來源：維基百科，Edrean (CC-BY-SA-3.0)。" width="300" height="270" /><figcaption class="wp-caption-text">圖片來源：維基百科，Edrean (CC-BY-SA-3.0)。</figcaption></figure>
<p><span style="color: #008080;"><strong>●酪梨也有毒？</strong></span></p>
<p>相信有些毛家長們曾經聽過貓狗不能吃酪梨 (avocado, <em>Persea americana, </em>又稱牛油果、鱷梨) 這樣的說法。過去確實有愛吃酪梨的狗狗死於急性心肌病變的病例報導，但是絕大多數因食用酪梨而出現中毒生病情況的案例，都是發生在鳥類寵物身上。目前沒有證據顯示酪梨對貓狗具有毒性，甚至有<a href="http://www.avocadofactsfordogsandcats.com/">網站</a>認為食用酪梨能夠為貓狗提供營養和健康。所以家裡的毛小孩能不能嚐一口加州卷的滋味，就讓毛家長們自己決定吧。</p><br/><br/><br/>','2018-05-22 00:00:00','2018-05-23 00:00:00',3,83,0,4,'https://i.imgur.com/fuRVKFu.jpg',true);

insert into article (subject,content,post_Time,UPDATE_TIME,MEMBER_ID,CLICK,THUMBS_QUANTITY,CATEGORY_ID,images,status) values ('狗狗真的聽得懂人話','<p><span style="color: #333399;"><strong>■很多愛狗人士會對狗說話，那是對牛彈琴嗎？一項新研究顯示狗真的有在認真聽人話。</strong></span></p><p>當我們在聽話時，我們不僅會留意字義，還會同時關注語調的變化和性別的特徵，來聽出情緒等言外之意，狗也可能有同樣的語言辦識能力。英國薩塞克斯大學的心理學家Victoria Ratcliffe和David Reby的一項新研究發現，雖然還無法瞭解狗是否真的聽得懂人話，可是牠們對字句以及語調語氣等變化其實是會有反應的。<span id="more-19936"></span></p>
<p>他們之前的研究顯示，狗腦的左右半球對其他狗的不同吠聲有不同的反應。他們好奇狗對人話也會有類似的反應嗎？於是他們找了250隻狗，在狗左右耳邊播放聲量大小一致的人聲。左耳聽到的話會送到右腦，反之亦然。如果狗的頭往左轉，表示狗主要用右腦在處理資訊。</p>
<p>當播出的人聲是狗熟悉的命令而沒有性別和情緒等訊息時，牠們的大腦左半球會反應，可是如果字句本身沒有意義但出現了聲調上的變化時，右半球就產生了反應。這意味著，狗腦處理語言資訊的左右腦分工和人類的是相似的。人類就是用左腦處理字句的意思，並且用右腦來辨識說話的人是否是熟人，以及情緒和性別等資訊。</p>
<p>當然，這並非意味著狗能完理解人話的意思，但是狗顯然不單單在注意人話的字句，也關注話是怎麼說以及是誰說的。不過，目前還不曉得這個能力是在人類馴化狗之後產生的？或是狗與生俱來的？其他哺乳動物是否也有相同的能力？釐清這些問題，有助瞭解解人類語言的起源和演化。</p>
<p>改天對狗說話，或者看到有人對狗說話，請瞭解到原來我們人類都不是在對牛彈琴。</p>
<p><strong>參考資料：</strong><br />
Colin Barras. <a href="http://www.newscientist.com/article/mg22429974.400-dog-headturning-shows-they-do-understand-what-you-say.html" target="_blank">Dog head-turning shows they do understand what you say</a>. 26 November 2014.<br />
Virginia Morell. <a href="http://news.sciencemag.org/biology/2014/11/dogs-really-do-listen-us" target="_blank">Dogs really do listen to us. Science News</a>. 26 November 2014.<br />
Jacqui Bealing. <a href="http://www.sussex.ac.uk/newsandevents/?id=27785" target="_blank">Dogs listen to our words, not just our voices, says Sussex study</a>. University of Sussex. 26 November 2014.<br />','2018-05-04 00:00:00','2018-05-04 00:00:00',6,55,0,4,'https://i.imgur.com/5hCTNRN.jpg',true);

insert into article (subject,content,post_Time,UPDATE_TIME,MEMBER_ID,CLICK,THUMBS_QUANTITY,CATEGORY_ID,images,status) values ('【生物考古】狗狗的雙重起源','<p>多年來，科學家一直在爭論，家犬究竟是從哪裡來的。狼是在歐洲，還是在亞洲，和人類產生特別的關係？科學家分析了數百隻家犬的遺傳資料，發現狗可能在歐洲或近東，以及亞洲各馴化了一次。</p>
<p>這項研究包括一個獨特的樣本：一個近五千年老的狗內耳骨，是從愛爾蘭東海岸紐格萊奇墓（Newgrange）出土的。紐格萊奇墓位於愛爾蘭東北部的米斯郡（County Meath），是博因河河曲地區的一座通道式墳墓。是愛爾蘭最為著名的史前墳墓之一，是世界文化遺產博因河河曲考古遺址的一部分。<span id="more-24882"></span></p>
<p>紐格萊奇墓一般認為在新石器時代的公元前3200年，由一群在博因河谷從事農業耕作的人類所建造。博因河曲在凱爾特神話中經常出現。紐格萊奇墓被認為是他們的神的居所，也被公元三世紀時的羅馬人所崇拜。石堆上發掘出許多當時的貢品、錢幣、珠寶等。</p>
<p><iframe src="https://www.youtube.com/embed/ejfRIdqS-Nk" width="640" height="360" frameborder="0" allowfullscreen="allowfullscreen"></iframe></p>
<p>英國牛津大學的演化遺傳學家Laurent Frantz等人，從該五千年前的狗耳骨萃取出DNA進行了定序，並公佈了該樣本的全基因體，加上59隻14,000至6,400年前的古歐洲犬的粒線體基因體，並用來和605隻世界各地現代狗的基因體相比較。</p>
<p>接著，他們重建了狗的演化系譜，發現歐洲狗（如紐格蘭奇犬和黃金獵犬）和亞洲犬（如沙皮狗和來自西藏和越南的鄉村狗）之間有很深的分歧。過去沒有足夠的樣本，所以未見這樣的分歧。他們認為這樣的分歧，是因為各來自不同的狼祖先。有些現代品系，如愛斯基摩犬和格陵蘭雪橇狗，分別有來自兩個地區的祖先。</p>
<p>為了弄清楚該分化是何時發生的，該紐格萊奇墓的樣本至關重要。他們用牠來和一些現代狗和狼的基因體資訊，計算犬的基因突變率。該速率顯示，東西方分歧發生在14,000到6,400年前之間。這分析還顯示西方狗經歷了「遺傳瓶頸」，遺傳多樣性因犬口數量急劇下降而減少，這通常見於一個小群體從大群體中分裂出來後。類似的現象是一小撮人遷徙出非洲時。</p>
<p>考古學家從前曾發現，德國地區在16,000多年前就有狗，亞洲犬到那裡時，在歐洲的灰狼已被馴化成家犬。當今一些歐洲狗可能攜帶早期馴化的遺傳痕跡，但難以找到。尤其當他們分析母系遺傳的粒線體DNA，發現舊石器時代的歐洲犬，很多基因型在現代歐洲犬中找不到。這結果可能意味著，古歐洲犬沒留下多少後代，有可能是因為亞洲犬在新石器時代就逐漸取代了古歐洲犬。</p>
<p>他們認為，人類在亞洲馴化狗，發生在超過14,000年前，一小部分家犬和人通過歐亞大陸西遷。這意味著，所有現代家犬，還有紐格萊奇墓犬，牠們的祖先可追溯回到亞洲。東亞犬的基因在遙遠的過去至少部分取代了歐洲犬。隨著人類從東方西遷的亞洲狗，比原本的古歐洲狗有更多後代，而取代了歐洲馴化的狗。</p>
<p>這有可能是人們在某處獲得了更好的狗，在幾百或上千年的過程中，那些狗擴散到整個歐亞大陸。不過，兩次馴化的故事要說得通，是建立在突變率的估算是準確的基礎上。另外，馴化後家犬和野狼仍不時暗通款曲有雜交。要解決這問題，可能要有上千隻狗的基因體資料。</p>
<p>狗的雙重起源是個有趣的可能，特別是貓和豬都有多次馴化的證據。這可能意味著這些動物幾乎一定會被馴化。瞭解狗的馴化，對瞭解人類的文明演化非常重要。家犬的演化還提供了一個窗口，以窺探人類的過去。在農場和定居農業出現之前，人們就有了狗，是人類文化蒐首個主要的創新之一。</p><br/>','2018-05-28 00:00:00','2018-05-28 00:00:00',7,105,0,5,'https://i.imgur.com/Uxr9t8w.jpg',true);

insert into article (subject,content,post_Time,UPDATE_TIME,MEMBER_ID,CLICK,THUMBS_QUANTITY,CATEGORY_ID,images,status) values ('【科學短新聞】狗狗也有親社會行為','<p>人類之所以異於其他禽獸，是人類能夠在沒有直接關係到個人利益的情況下，幫助、關懷他人。人類能夠進行大型協作，這是因為人類有親社會行為，人們在共同的社會生活中經常會表現出親社會行為，比如幫助、分享、合作、安慰、捐贈、同情、關心、謙讓、互助等等，親社會行為是人與人之間在交往過程中維護良好關係的關鍵基礎。</p>
<p>狗狗在和人類相處的上萬年時間時，似乎也演化出了親社會行為，只是科學家仍不清楚，狗狗是真的有親社會行為，抑或是只是單純聽從人的命令。奧地利維也納獸醫大學的動物行為學家Friederike Range等人，設計了一個實驗，用了16隻狗來測試他們如何做出有益熟悉狗或陌生狗的行為。<span id="more-23408"></span></p>
<p>在實驗中，狗狗覺會拉桿子來決定另一隻狗是否會獲得食物。牠們用嘴巴把盤子拉到另一個籠子裡的另一隻狗面前，牠們可以選擇送過去的是有食物的或沒有食物的盤子。在實驗過程中，自己不會吃到食物，只有另一隻狗會吃到，這能夠測試狗狗有沒有親社會行為。他們發現，狗狗能夠瞭解其中的差異，牠們更常把有食物的盤子送給熟悉的狗，對陌生的狗就較少送食物過去。</p>
<p>他們排除了狗狗是因為害怕陌生的狗而不送食物過去，因為實驗完成後，他們會讓狗狗能夠把有食物的盤子送到自己面前，所有狗都會這麼做，這意味著狗狗也不是為了好玩，而是想要和認識的狗有互動才把有食物的盤子送過去。</p><>','2018-05-26 00:00:00','2018-05-26 00:00:00',12,32,0,1,'https://i.imgur.com/ZGUASSl.jpg',true);

insert into article (subject,content,post_Time,UPDATE_TIME,MEMBER_ID,CLICK,THUMBS_QUANTITY,CATEGORY_ID,images,status) values ('人類也聽得懂狗叫？','<p>過去的研究大多著重在狗狗能否理解人類發出的訊息，較少注意人類是否能理解狗狗發出的。&nbsp;</p>
<p>布達佩斯奧斯沃斯洛蘭大學的Tamas Farago等人，找來了40名志願者聽18隻狗的不同咆哮聲，讓他們判斷狗狗是在守衛食物、面對一個陌生人的威脅，或是在玩一場拔河比賽。隨著狗被人類馴養，吠聲可能發生顯著變化，成為狗溝通的主要方式。然而，狗與狼分家後，咆哮聲可能沒有變化。<span id="more-28215"></span></p>
<p>總體而言，受試者正確辨認了63％的咆哮聲，顯著高於所預期的隨機亂猜。所有種類的咆哮聲被辨認的程度也都高於隨機亂猜的預期，其中玩耍的咆哮聲最易被辨別，有高達81%能被正確識別，守衛食物和受威脅時則各只有60%和50%被辨認出。玩耍的咆哮聲是多次且較短、較快速的反复咆哮聲，和受威脅時的咆哮聲有聲調上的差別。在這個任務中，有養狗經驗的女人，準確度最高，可能是因為女人對別人的情緒更敏感。</p>
<p>受試者還需要為咆哮聲代表的侵略、恐懼、絕望、幸福和玩樂程度作五個向度的評分。嬉戲的咆哮聲被評為侵略最低，食物守衛時最高。他們認為，當對抗的代價較高時，例如守衛食物，狗狗的咆哮聲誠實地顯露出內心狀態。可是在玩耍和受到威脅時，牠們會操縱咆哮聲中的情感因素來掩藏內心的狀態。</p>
<p>這些發現意味著，人們在與狗互動時，能夠瞭解並回應牠們的聲學訊息。這樣的跨物種理解，可能是哺乳動物普遍的現象。</p>
<p>&nbsp;</p><br/>','2018-05-28 00:00:00','2018-05-28 00:00:00',4,97,0,6,'https://i.imgur.com/TbP9Mr1.jpg',true);

insert into article (subject,content,post_Time,UPDATE_TIME,MEMBER_ID,CLICK,THUMBS_QUANTITY,CATEGORY_ID,images,status) values ('貓咪從何而來？','<p>人類最鍾愛的毛小孩之一：貓咪，是人類最早馴養的動物之一。</p>
<p>貓的祖先是「非洲野貓」（Felis silvestris lybica）。比利時魯汶大學的Claudio Ottoni、法國雅克莫諾研究院（Institut Jacques Monod）的Thierry Grange和Eva-Maria Geigl等人召集了世界各地的科學家採集貓咪DNA樣本。牠們有些來自石器時代的遺址，或者從古埃及木乃伊和維京人墓穴中挖掘出來。科學家們最終分析了生活時間橫跨約9千年的209隻貓咪的線粒體DNA（mtDNA）。利用母系遺傳的mtDNA來追蹤貓咪的演化歷程。研究發現發表在《自然生態和演化》（<em>Nature Ecology &amp; Evolution</em>）期刊上。<span id="more-28547"></span></p>
<p>過去大家認為古埃及是第一個馴養貓的文明。從考古證據可知，牠們早已佔據了古埃及人生活，甚至成為膜拜對象。貓咪不但在古埃及壁畫中可見，死後還可能被製成木乃伊。然而，遺傳證據顯示，在比古埃及還古老的新石器時代，人類就已經開始馴養貓咪了。貓咪並非天生懶洋洋，牠們的祖先被馴養前後的數千年裡，都在商船、農莊、糧倉中辛勤地捕鼠呢！</p>
<p>貓和人的關係中，應該是貓主動找人類為伴，但客觀上這種關係是互惠互利的，之後人類有意或無意地帶著牠們跋涉旅行，擴展了貓咪的地盤。在上萬年的歷史中，有兩次人類馴養貓的記錄，第一次發生在近東地區，大約9,000年前，近東文明發源地的人類遠祖開始馴養野貓。從新石器時代開始，人類結束了狩獵採集浪跡天涯的生活，開始種植農作物並搭建村落定居。豐盛的農穫吸引鼠輩聚集，也招來野貓到村落裡捕鼠。貓咪開始在那些地方流連忘返，慢慢地成就了人類和貓咪間經久不衰的關係。</p>
<p>第二次發生在大約3,600年前的古埃及。古埃及人可能發現貓咪能在糧倉抓老鼠，間接能夠保護穀物。這波養貓風潮造就了貓咪的二次馴化，人擇挑選出愈來愈多地域觀念較弱的貓咪。即便埃及於公元前1700禁止買賣貓，貓咪仍在地中海區域受到歡迎。</p>
<p>古羅馬時期，貓咪進入歐洲。在維京時期開始時，埃及貓的領土進一步大幅擴張，波羅的海的維京海港亦能發現貓的蹤跡，顯示牠們是維京船上的一員，進一步北上到斯堪地納維亞。老鼠在船上不僅吃掉糧食，還會啃咬繩索，對以海為家的人而言是個大災難，因此在受鼠患影響的船上特別盛行養貓。貓咪隨著商船的軌跡迅速擴散到世界其他地區，現在地表上除了南極洲，到處都有家貓。</p>
<p>數千年來，人類養貓的主要是因為牠們是捕鼠高手，可以保護糧倉內的農作物或船上食物。要到相當晚期人們才開始對貓咪的外表產生興趣。大約14世紀，土耳其西部出現皮毛呈虎斑狀的家貓，而這種毛色源於基因變異。顯示人類在跟貓咪共存了多個世紀以後，才開始育種家貓，使牠們有特定外表或行為。</p>
<p>隨後幾百年，虎斑貓在全世界開枝散葉，約八成現代家貓身上都帶有虎斑DNA，而貓的價值也從它們的實用技能轉到外表長相。貓的育種和選汰主要從19世紀開始。現在家貓有許多不同品種，外觀和皮毛各具特色，有無毛、卷毛、長毛的等等。養貓風潮也迅速席捲歐亞，貓咪逐漸成為寵物。</p>
<p>喵星人大部分時間在家裡被寵著，許多人因為貓咪的萌態，自願擔任貓咪的「鏟屎官」。亦有科學家認為，現代家貓仍未完全馴化，人類被貓咪馴化的程度恐怕更高，所以有些人會淪作「貓奴」。家貓外表看來跟野貓相似，只是比較能容忍人類和其他貓咪。狗狗會被選作特定任務，使牠們在馴化過程中因人擇而變得和祖先非常不同，但這並沒有在家貓身上發生。</p>
<p><iframe src="https://www.youtube.com/embed/SgZKFVaSDRw" width="560" height="315" frameborder="0" allowfullscreen="allowfullscreen"></iframe></p><br />','2018-05-02 00:00:00','2018-05-02 00:00:00',8,52,0,5,'https://i.imgur.com/p5JghEB.jpg',true);

insert into article (subject,content,post_Time,UPDATE_TIME,MEMBER_ID,CLICK,THUMBS_QUANTITY,CATEGORY_ID,images,status) values ('貓咪的真性情','<p>英國愛丁堡大學的Marieke Gartner和美國布朗克斯動物園的科學家把家貓和其他貓科動物的行為作了比較，發現家貓和其他野生大型貓科動物有著相似的個性。</p>
<p>他們把蘇格蘭收容所貓舍的上百隻貓，和美國布朗克斯動物園裡的雪豹、雲豹、蘇格蘭野貓、非洲獅等大型貓科動物比較了五大性格特質（Big Five personality traits）。家貓的個性過去比較讓人熟悉，可是其他貓科動物的個性比較少被探討，和貓咪的差異也鮮為人知。</p>
<p>五大性格特質又稱大五性格模型，或五因素模型（The Five Factor Model，簡稱FFM），是現代心理學中描述最高級組織層次的五個方面的人格特質。這五大人格特質構成了人的主要性格，近年科學家也把這個五大性格特質用在研究其他動物，如靈長類和家犬。<span id="more-23067"></span></p>
<p>該五大性格特質是「經驗開放性」（Openness to experience）、「盡責性」（Conscientiousness）、「外向性」（Extraversion）、「親和性」（Agreeableness）、「情緒穩定性」（Neuroticism），這些性格特質和健康、壽命和福祉都息息相關。</p>
<p>他們的觀察發現這些貓科動物在支配性、衝動性和情緒穩定性有著高度相似性。雲豹和其他豹亞科貓科動物的共同祖先分家了一千萬年，野貓大約在六百萬年前分支出來，這研究顯示貓科動物的個性過去千萬年來變化不大。他們的這個研究結果發表在《比較心理學期刊》（<em>Journal of Comparative Psychology</em>）。</p>
<p>不過，他們無法排除這些貓科動物的神經質，是因為生活在人工的環境下，例如那些大型貓科動物被關在動物園裡頭，而貓咪是在收容所而非在家庭裡。在收容所的貓咪，可能對人類有較高的焦慮、沒安全感、疑慮和害怕，可是在家庭裡的寵物貓則不，不同貓咪也有不同的個性，有些較黏人，有些較獨立。</p><br/>','2018-05-15 00:00:00','2018-05-15 00:00:00',11,97,0,6,'https://i.imgur.com/QaysQSB.png',true);

insert into article (subject,content,post_Time,UPDATE_TIME,MEMBER_ID,CLICK,THUMBS_QUANTITY,CATEGORY_ID,images,status) values ('歐洲蠑螈的夢魘－－進擊的亞洲真菌','<p><span style="color: #333399;"><strong>■新興疾病不僅對世界人類的健康造成重大危脅，對生物多樣性也是產生了重大衝擊，不少物種更身處在存亡之秋。2010年荷蘭出現大量的火蠑螈死亡，科學家現在發現，原來罪魁禍首是來自亞洲的真菌。</strong></span></p><p>當荷蘭火蠑螈在野外大量死亡時，動物保育人士試圖尋找看似健康的個體，並且在人工環境下飼育，沒想到牠們也全軍覆沒。</p>
<p>剛開始，一種蛙病毒有重大嫌疑，可是測試結果卻是陰性。於是真菌<em>Batrachochytrium dendrobatidis</em>（<em>Bd</em>）很自然地成了另一個重大嫌犯，<em>Bd</em>曾對兩桋動物造成重大傷亡，甚至在八十年代讓超過200種兩桋動物永不見天日地滅絕了。</p>
<p>可是當比利時的外科獸醫師An Martel把死亡的火蠑螈皮膚放到顯微鏡下觀察時，她發現了真菌感染，那些死亡的蠑螈也碓實有類似<em>Bd</em>感染的潰瘍和傷口。可是測試結果顯示該真菌並非<em>Bd</em>，於是她發現原來那是一種新種真菌，並命名為<em>Batrachochytrium salamandrivorans</em>（<em>Bs</em>），是<em>Bd</em>的近親。他們還發現歐洲和美洲的蠑螈遇到了此真菌，都成了階下囚。該發現發表在2013年的《美國國家科學院院刊》（<em>Proceedings of the National Academy of Sciences</em>）。<span id="more-19657"></span></p>
<p>這兩種真菌<em>Bd</em>和<em>Bs</em>都屬於一種壺菌門（chytrids）的一類真菌。這個名字來源於希臘文chytridion，意思是「小壺」，因為含有許多未釋放的孢子之結構。</p>
<p>到了2013年，只有約四趴的荷蘭火蠑螈殘存，在歐洲也沒有天險能夠阻擋疫情往荷蘭外播散。為了預測該真菌的衝擊，Martel等人讓十種蛙類、24種蠑螈及一種無足目等35種兩桋類和該真菌的孢子邂逅24小時，結果發現逃不過<em>Bs</em>真菌魔爪的只有蠑螈：44隻歐洲蠑螈染上該真菌後，41隻魂歸天國。</p>
<p>接著他們窮追不捨地追蹤了超過5,400隻來自世界各地150種兩桋動物後，發現<em>Bs</em>真菌很可能是來自泰國、越南和日本，因為只有來自那些地區的兩桋類含有<em>Bs</em>。不過這些地方的蠑螈遇上了<em>Bs</em>仍老神在在，顯然牠們早已演化出了扺抗力，因為亞洲蠑螈早在幾百萬年就遇上了<em>Bs</em>。歐洲的疫情，有可能是進口自亞洲的蠑螈闖的禍。他們把新發現發表在《科學》（<em>Science</em>）。</p>
<p>他們還未在北美的蠑螈發現該真菌，可是美洲的蠑螈也對該真菌無招架之力，所以也可能危在日夕。北美共有190種蠑螈可能都在剉著等，如果<em>Bs</em>進擊美洲，對當地的蠑螈而言將會是個前所未有的災難。</p><br/>','2018-05-21 00:00:00','2018-05-21 00:00:00',5,66,0,5,'https://i.imgur.com/YEnx5Mf.jpg',true);

insert into article (subject,content,post_Time,UPDATE_TIME,MEMBER_ID,CLICK,THUMBS_QUANTITY,CATEGORY_ID,images,status) values ('想跟企鵝打成一片？化妝一下吧！','<p>居住於南極的國王企鵝(king penguin)是所有企鵝種類中體型最大的，同時也是最為害羞的一種企鵝。當科學家想要靠近它們的時候，往往會嚇到企鵝們。當然觀察在動物園裡面的企鵝也是一種方法，但是我們無法確定企鵝在人工的環境內是跟在他們所處的自然環境中有著相同的反應。因此對研究企鵝的科學家而言，要如何在自然環境中接近企鵝但卻不要對企鵝造成干擾便成了相當關鍵的課題。</p>
<p>以法國史特拉斯堡大學的Yvon Le Maho為首的多國研究團隊想要研究國王企鵝的心跳，於是在34隻國王企鵝身上裝了帶有射頻辨別(RFID)的心跳感應器。但是RFID的感應範圍約只有60公分，這使得研究人員必須以手持訊號讀取器來接近企鵝。當研究人員手持著訊號接收器靠近企鵝的時候，研究人員發現企鵝的心跳明顯加速，而且很難靜止下來。換句話說，企鵝被嚇到了。為了解決這個問題，他們想到了利用遙控車來接近企鵝的方法，希望能夠<span id="more-19637"></span>不要嚇到企鵝。研究人員發現，當遙控車接近企鵝的時候，企鵝的心跳看起來相當正常，就像是看到另外一隻企鵝經過一樣。相對的，當人類接近的時候，企鵝約要花上六分鐘才能回到之前平穩的心跳。</p>
<p>在這個成功的實驗之後，研究人員打造了另外一台遙控車。這次他們把遙控車做成類似企鵝寶寶的外型。這隻間諜企鵝寶寶成功的打入企鵝寶寶群體中，甚至還有成年的帝王企鵝對著這隻假企鵝唱歌。Le Maho認為，這些成年企鵝是在為他們的企鵝寶寶找伴，所以希望能聽到這隻間諜企鵝的回應。</p>
<p>利用這隻間諜企鵝，研究人員不但得以接近企鵝群，同時也能夠得到許多珍貴的影片，例如企鵝下蛋的鏡頭。但是除了這些有趣的影片之外，這個新的研究方式提供了許多關於企鵝生活的新資訊，讓研究人員能夠更了解企鵝的生態。</p><br />','2018-05-16 00:00:00','2018-05-16 00:00:00',9,25,0,4,'https://i.imgur.com/oT9cRDJ.jpg',true);

insert into article (subject,content,post_Time,UPDATE_TIME,MEMBER_ID,CLICK,THUMBS_QUANTITY,CATEGORY_ID,images,status) values ('【醫學新知】貓愛滋的基因體療法','<p>就跟人一樣，貓也有愛滋。美國著名的梅約診所 (Mayo Clinic)  研究團隊，與日本人合作，研發出一套以基因體為主的免疫系統建立策略，專門對付貓愛滋病，並且於九月初發表於網路版的《自然方法》雜誌。</p><p>&nbsp;&nbsp;&nbsp;&nbsp;&nbsp;&nbsp;你知道貓也有愛滋病嗎？跟人類免疫缺陷病毒 (HIV) 會造成人們感染愛滋病一樣，貓科免疫缺陷病毒 (FIV) 也會刪除貓體內抵抗感染的Ｔ細胞，讓貓罹患愛滋病。人類愛滋病迄今已經造成三千多萬人死亡，造就無數孤兒，而大家比較不知道的是，貓愛滋病每年也會造成幾百萬隻貓死亡，讓三十六種野貓種類陷入瀕危。</p>
<p>&nbsp;&nbsp;&nbsp;&nbsp;&nbsp;&nbsp;不過美國著名的梅約診所 (Mayo Clinic) 研究團隊，與日本人合作，研發出一套以基因體為主的免疫系統建立策略，專門對付貓愛滋病，並且於九月初發表於網路版的《自然方法》雜誌。人跟貓都有一些叫做「限制因子」的關鍵蛋白質，負責讓身體抵禦病毒入侵，但它們卻對免疫缺陷病毒沒有效果。研究團隊的做法是，將能夠有效對抗貓科免疫缺陷病毒的猴子版蛋白質，想辦法插入貓的基因體中，藉此模擬通常需要好幾個時代，才得以自然演化出來的抗病效果。</p>
<p>&nbsp;&nbsp;&nbsp;&nbsp;&nbsp;&nbsp;這套技法稱為「接合體慢病毒基因導入」，基本上就是在貓的卵子受精前，就先插入特定基因。研究團隊第一次試驗成功，是插入了一個叫做 TRIMCyp 的恆河猴限制因子，用來阻隔細胞免受貓科免疫缺陷病毒感染。當貓科免疫缺陷病毒試圖入侵細胞時，這個限制因子會攻擊病毒，癱瘓病毒的外部防護。<span id="more-9741"></span></p>
<p>&nbsp;&nbsp;&nbsp;&nbsp;&nbsp;&nbsp;他們另外也插入一個水母基因，以供追蹤之用，這個基因讓後來生出來的小貓，身上發出一種綠綠的顏色，這樣就可以知道接受基因導入的貓，牠們所生的綠色後代，天生就有免疫性。這套基因導入的做法相當有效率，防護性蛋白質不但通透貓的全身，牠們後代的身體細胞也都能產生這種蛋白質。</p>
<p>&nbsp;&nbsp;&nbsp;&nbsp;&nbsp;&nbsp;領導這項研究計畫的梅約診所分子生物學家波西拉 (Eric Poeschla) 表示，這套生醫技法最棒的地方，就是在於人跟貓一體適用。雖然這套特定的基因導入技法，還不會直接用來治療人或貓的愛滋病，不過卻有助於研究人員瞭解可以怎樣運用限制因子，來推動愛滋病的基因療法。</p><br/>','2018-05-11 00:00:00','2018-05-11 00:00:00',8,33,0,5,'https://i.imgur.com/wMoKAPJ.jpg',true);

insert into article (subject,content,post_Time,UPDATE_TIME,MEMBER_ID,CLICK,THUMBS_QUANTITY,CATEGORY_ID,images,status) values ('老而不衰的老貓？','<p>正如飲食和醫療改善讓人壽命增長，良好的營養和獸醫護理也增加了貓咪的壽命。因此貓界也有了高齡化的問題，在美國據估計，寵物貓有兩成是11歲以上的老貓。</p>
<p>貓咪一般上在15歲（相當於人的76歲）就已古來稀，但不尋常的是，不少老貓甚至能活到到20歲（相當於百歲人瑞）。過去的統計顯示，貓在上個世紀八十年代大概平均能活到七歲，而九十年代是九歲。已知最老的老貓Creme Puff活到38歲。<span id="more-25182"></span></p>
<p>現在，讓老貓更健康被認為是可行的，就像人可以有健康的晚年一樣。貓老了，就像人老了一樣，必定會在行為、外觀和日常功能上出現不少變化，因此貓衰老發生的正常變化不該被視為是病態的。那麼什麼樣的變化是「正常年齡」（即生理上的）變化，而非不良的（病理上的）變化呢？如果不知道是什麼跡象和健康的老化有關，飼主和獸醫就難以確保老貓的身心健康。</p>
<p>要回答這個問題，一個團隊獸醫專家檢視了和貓咪健康相關的資料，包括骨骼肌肉系統、認知和行為健康。他們也利用其他動物的資料來界定貓咪的健康狀況，例如他們用沒有出現狗狗的DISHA模式來定義健康的老貓，DISHA包括神智不清、互動的變化、睡眠/覺醒障礙，污染房子和活動的變化。他們也用600隻健康老貓產生血清生化資料。</p>
<p>簡單來說，他們發現健康的老貓雖然活動減少了，仍然可以玩耍和跳躍；在體重以及肌肉和脂肪比例上，都沒有顯著變化；毛皮可能會開始變薄，鬍鬚可能變成黑色。</p>
<p>老貓還可能出現一些正常的變化：</p>
<p>行為變化：睡眠週期改變、聲音改變、抗壓性下降。</p>
<p>外觀變化：在眼睛的外觀變化，包括透鏡狀硬化，讓瞳孔產生模糊、藍灰色白色的外觀和虹膜萎縮、皮膚彈性下降、趾甲增厚；體重和視覺有細微變化。牙齒壁的增厚，導致它們變黃色、灰白色，甚至是玻璃狀。</p>
<p>日常功能的變化：活動模式的改變，活動力下降，還有視力、嗅覺和聽力下降。</p>
<p>如果有了上述變化，老貓可能還是健康的，隨著獸醫學的進步，說不定未來老貓都能成為貓瑞。</p>
<p>&nbsp;</p><br/>','2018-05-07 00:00:00','2018-05-20 00:00:00',8,47,0,4,'https://i.imgur.com/M6a2vJq.jpg',true);

insert into article (subject,content,post_Time,UPDATE_TIME,MEMBER_ID,CLICK,THUMBS_QUANTITY,CATEGORY_ID,images,status) values ('「友善狗狗公車」看見超多可愛犬星人　好想搭上充滿毛小孩的專車呀！','<p>現代人假日出門曬毛小孩早不是新鮮事，尤其愛狗（貓）如子也是許多廣大奴才的特徵，近年來動保意識抬頭，去年北市政府推出「假日友善狗狗公車」，截至今年4月為止，公車路線已由2條增加至7條，並得到民眾的正面支持，據統計已搭載超過500隻犬隻。不僅毛爸媽滿意，更有96%的民眾認同狗狗公車，顯示狗狗公車非常受到歡迎，相信大家如果在假日看到滿車的狗狗猶如要去郊遊般，實在是太幸福啦！</p><p>友善狗狗公車每逢例假日發車，分別有上午、中午和下午3班次，特色就是毛小孩不需要被關在籠子裡或推車，只要飼主全程牽繩、完成寵物登記，以及狂犬病疫苗注射就可以上車，但每名乘客只能攜帶1隻，寵物不需收費、不能佔位和禁止餵食。此外，為方便民眾辨視狗狗友善公車與一般公車的差別，會在車輛前方放置「友善狗狗公車」標示板子，以及LED路線牌顯示狗狗公車字樣。</p><p>貼心的友善狗狗公車更提供到動物公園的服務，其中迎風狗運動公園、華山狗活動區、萬興狗活動區、潭美毛寶貝快樂公園等地，至少都有1條公車可到達，方便毛爸媽輕鬆帶毛寶貝出遊，目前北市7條假日友善狗狗公車為0東、棕6、225、279、604、669、681等路線，因應至善公園狗活動區將於6月15日開幕，六月中新增行經「至善公園」的狗狗公車，毛孩爸媽可在雙溪公園站下車，詳細資訊將在下月公布，看來這股毛小孩的勢力是越來越龐大啦！想在假日帶毛小孩出去遊玩，下次不妨試試和滿車的狗狗們一同出遊吧！</p><p></p><p></p><br/>','2018-04-28 00:00:00','2018-04-28 00:00:00',7,68,0,5,'https://i.imgur.com/3C2mvHm.jpg',true);

insert into comment (detail,update_Time,Article_Id,Member_Id) values ('感謝分享!','2018-04-01 12:00:00',1,3);

insert into comment (detail,update_Time,Article_Id,Member_Id) values ('推推!','2018-05-28 13:00:00',6,8);

insert into comment (detail,update_Time,Article_Id,Member_Id) values ('讚喔!','2018-05-28 14:00:00',16,5);

insert into comment (detail,update_Time,Article_Id,Member_Id) values ('原來如此','2018-05-28 15:00:00',17,11);

insert into comment (detail,update_Time,Article_Id,Member_Id) values ('頭香!','2018-05-28 16:00:00',1,12);

insert into comment (detail,update_Time,Article_Id,Member_Id) values ('樓下作者本人','2018-05-28 18:00:00',11,7);

insert into comment (detail,update_Time,Article_Id,Member_Id) values ('太有趣了!','2018-05-28 20:00:00',13,5);

insert into comment (detail,update_Time,Article_Id,Member_Id) values ('學到新知識了','2018-05-28 23:00:00',13,6);

insert into comment (detail,update_Time,Article_Id,Member_Id) values ('感謝分享','2018-05-28 00:00:00',13,4);

insert into comment (detail,update_Time,Article_Id,Member_Id) values ('月月超可愛','2018-05-28 00:00:00',13,9);

insert into comment (detail,update_Time,Article_Id,Member_Id) values ('推優質文','2018-05-28 00:00:00',13,6);

insert into comment (detail,update_Time,Article_Id,Member_Id) values ('認真?','2018-05-28 00:00:00',15,12);

insert into comment (detail,update_Time,Article_Id,Member_Id) values ('真的假的','2018-05-28 00:00:00',15,10);

insert into comment (detail,update_Time,Article_Id,Member_Id) values ('噓','2018-05-28 00:00:00',22,5);

insert into comment (detail,update_Time,Article_Id,Member_Id) values ('好文','2018-05-28 00:00:00',10,8);

insert into comment (detail,update_Time,Article_Id,Member_Id) values ('蝦','2018-05-28 00:00:00',6,9);

insert into comment (detail,update_Time,Article_Id,Member_Id) values ('噓','2018-05-28 00:00:00',8,11);

insert into comment (detail,update_Time,Article_Id,Member_Id) values ('唬爛啦!','2018-05-01 00:00:00',11,6);

insert into comment (detail,update_Time,Article_Id,Member_Id) values ('噓','2018-05-28 00:00:00',21,8);

insert into comment (detail,update_Time,Article_Id,Member_Id) values ('謝謝分享','2018-05-28 00:00:00',20,5);

insert into comment (detail,update_Time,Article_Id,Member_Id) values ('謝謝分享','2018-05-28 00:00:00',19,4);

insert into comment (detail,update_Time,Article_Id,Member_Id) values ('謝謝分享','2018-05-28 00:00:00',18,3);

insert into comment (detail,update_Time,Article_Id,Member_Id) values ('謝謝分享','2018-05-28 00:00:00',17,6);

insert into thumbsup (thumb,Article_Id,Member_Id) values ('true',13,3);
insert into thumbsup (thumb,Article_Id,Member_Id) values ('true',13,4);
insert into thumbsup (thumb,Article_Id,Member_Id) values ('true',13,6);
insert into thumbsup (thumb,Article_Id,Member_Id) values ('true',13,7);
insert into thumbsup (thumb,Article_Id,Member_Id) values ('true',13,2);
insert into thumbsup (thumb,Article_Id,Member_Id) values ('true',13,9);
insert into thumbsup (thumb,Article_Id,Member_Id) values ('true',13,10);
insert into thumbsup (thumb,Article_Id,Member_Id) values ('true',13,11);
insert into thumbsup (thumb,Article_Id,Member_Id) values ('true',13,12);
insert into thumbsup (thumb,Article_Id,Member_Id) values ('true',3,4);
insert into thumbsup (thumb,Article_Id,Member_Id) values ('true',3,5);
insert into thumbsup (thumb,Article_Id,Member_Id) values ('true',3,2);
insert into thumbsup (thumb,Article_Id,Member_Id) values ('true',3,1);
insert into thumbsup (thumb,Article_Id,Member_Id) values ('true',3,7);
insert into thumbsup (thumb,Article_Id,Member_Id) values ('true',3,13);
insert into thumbsup (thumb,Article_Id,Member_Id) values ('true',15,8);
insert into thumbsup (thumb,Article_Id,Member_Id) values ('true',15,5);
insert into thumbsup (thumb,Article_Id,Member_Id) values ('true',15,13);
insert into thumbsup (thumb,Article_Id,Member_Id) values ('true',15,11);
insert into thumbsup (thumb,Article_Id,Member_Id) values ('true',22,5);
insert into thumbsup (thumb,Article_Id,Member_Id) values ('true',21,8);
insert into thumbsup (thumb,Article_Id,Member_Id) values ('true',21,4);
insert into thumbsup (thumb,Article_Id,Member_Id) values ('true',21,2);
insert into thumbsup (thumb,Article_Id,Member_Id) values ('true',20,8);
insert into thumbsup (thumb,Article_Id,Member_Id) values ('true',20,6);
insert into thumbsup (thumb,Article_Id,Member_Id) values ('true',20,10);
insert into thumbsup (thumb,Article_Id,Member_Id) values ('true',19,11);
insert into thumbsup (thumb,Article_Id,Member_Id) values ('true',18,2);
insert into thumbsup (thumb,Article_Id,Member_Id) values ('true',18,3);
insert into thumbsup (thumb,Article_Id,Member_Id) values ('true',17,1);
insert into thumbsup (thumb,Article_Id,Member_Id) values ('true',17,2);
insert into thumbsup (thumb,Article_Id,Member_Id) values ('true',16,2);
insert into thumbsup (thumb,Article_Id,Member_Id) values ('true',14,7);
insert into thumbsup (thumb,Article_Id,Member_Id) values ('true',12,5);
insert into thumbsup (thumb,Article_Id,Member_Id) values ('true',12,13);
insert into thumbsup (thumb,Article_Id,Member_Id) values ('true',11,7);
insert into thumbsup (thumb,Article_Id,Member_Id) values ('true',11,6);
insert into thumbsup (thumb,Article_Id,Member_Id) values ('true',11,5);
insert into thumbsup (thumb,Article_Id,Member_Id) values ('true',11,4);
insert into thumbsup (thumb,Article_Id,Member_Id) values ('true',11,3);
insert into thumbsup (thumb,Article_Id,Member_Id) values ('true',11,2);
insert into thumbsup (thumb,Article_Id,Member_Id) values ('true',10,5);
insert into thumbsup (thumb,Article_Id,Member_Id) values ('true',10,8);
insert into thumbsup (thumb,Article_Id,Member_Id) values ('true',9,6);
insert into thumbsup (thumb,Article_Id,Member_Id) values ('true',8,1);
insert into thumbsup (thumb,Article_Id,Member_Id) values ('true',8,6);
insert into thumbsup (thumb,Article_Id,Member_Id) values ('true',8,3);
insert into thumbsup (thumb,Article_Id,Member_Id) values ('true',7,3);
/*5 donate */
insert into donate (id, name, price, email)
values (1, 'Serena van der Woodsen', 30000, 'serena1203@gmail.com');

insert into donate (id, name, price, email)
values (2, 'Blair Waldorf', 10000, 'bw1104@gmail.com');

insert into donate (id, name, price, email)
values (3, 'Daniel Humphrey', 100, 'danielh0517@gmail.com');

insert into donate (id, name, price, email)
values (4, 'Nate Archibald', 20000, 'nathaniel0304@gmail.com');

insert into donate (id, name, price, email)
values (5, 'Chuck Bass', 10000, 'chuckbass1108@gmail.com');

insert into donate (id, name, price, email)
values (6, 'Jennifer Humphrey', 2000, 'jenny5438@gmail.com');

insert into donate (id, name, price, email)
values (7, 'Lilian Vander Woodsen', 50000, 'lilvw@gmail.com');

insert into donate (id, name, price, email)
values (8, 'Rufus Humphrey', 3000, 'rufusrock@gmail.com');

insert into donate (id, name, price, email)
values (9, 'Vanessa Abrams', 50, 'vanessa1220@gmail.com');

insert into donate (id, name, price, email)
values (10, 'Georgina Sparks', 5000, 'georgina1027@gmail.com');



insert into RESERVATIONTIME (front_Time,back_Time)values
('09:00:00','10:00:00'),
('10:00:00','11:00:00'),
('11:00:00','12:00:00'),
('13:30:00','14:30:00'),
('14:30:00','15:30:00'),
('15:30:00','16:30:00');

/*6 reservation*/
insert into reservation (reservation_Date,FRONT_TIME,content,designer,total_Time,price,payment,member_id)values
('2000-10-12','10:00:00','洗澡','飛影',1,300,'已付款',2),
('2000-10-12','11:00:00','洗澡','琦玉',1,200,'已付款',3),
('2000-06-01','13:30:00','洗澡','飛影',1,250,'未付款',4),
('2000-06-01','13:30:00','剪髮','琦玉',1,200,'已付款',2),
('2000-10-15','14:00:00','剪髮','陳浩南',1,300,'未付款',3),
('2000-10-16','15:00:00','造型','陳浩南',1,100,'未付款',4),
('2000-10-17','16:00:00','造型','陳浩南',1,150,'已付款',8),
('2000-10-18','14:00:00','剪髮','陳浩南',1,300,'已付款',3),
('2000-10-19','15:00:00','造型','陳浩南',1,100,'未付款',4),
('2000-10-20','16:00:00','造型','陳浩南',1,150,'已付款',8),
('2000-10-21','14:00:00','剪髮','陳浩南',1,300,'已付款',3),
('2000-10-22','15:00:00','造型','陳浩南',1,100,'未付款',4),
('2000-10-23','16:00:00','造型','陳浩南',1,150,'未付款',2),
('2000-10-24','17:00:00','造型','飛影',1,100,'已付款',3);


--insert into reservation (reservation_Date,FRONT_TIME,content,designer,total_Time,price,payment)values
--('2000-10-12','10:00:00','洗澡','阿明',1,300,'Unpaid'),
--('2000-10-12','11:00:00','洗澡','阿喵',1,200,'Unpaid'),
--('2000-10-13','12:00:00','洗澡','阿明',1,250,'Unpaid'),
--('2000-10-14','13:00:00','剪髮','彌明',1,200,'Unpaid'),
--('2000-10-15','14:00:00','剪髮','阿中',1,300,'Unpaid'),
--('2000-10-16','15:00:00','造型','小明',1,100,'Unpaid'),
--('2000-10-17','16:00:00','造型','阿中',1,150,'Unpaid'),
--('2018-05-20','14:30:00','造型','飛影',1,150,'Unpaid'),
--('2000-10-18','17:00:00','造型','阿中',1,100,'Unpaid');


insert into freetime (APPOINT_DATE,front_time,designer,status)values
('2018-05-29','10:00:00','飛影','free'),
('2018-05-29','11:00:00','飛影','free'),
('2018-05-29','12:00:00','飛影','free'),
('2018-05-29','13:30:00','飛影','free'),
('2018-05-29','14:30:00','飛影','free'),
('2018-05-29','15:30:00','飛影','free'),
('2018-05-29','10:00:00','琦玉','free'),
('2018-05-29','11:00:00','琦玉','free'),
('2018-05-29','12:00:00','琦玉','free'),
('2018-05-29','13:30:00','琦玉','free'),
('2018-05-29','14:30:00','琦玉','free'),
('2018-05-29','15:30:00','琦玉','free'),
('2018-05-29','10:00:00','陳浩南','free'),
('2018-05-29','11:00:00','陳浩南','free'),
('2018-05-29','12:00:00','陳浩南','free'),
('2018-05-29','13:30:00','陳浩南','free'),
('2018-05-29','14:30:00','陳浩南','free'),
('2018-05-29','15:30:00','陳浩南','free');








/*UPDATE hotel SET  owner='lunlun', type='small', checkIn='1991-10-03', total=4,species='poodel2',dog_Name='hichu' WHERE Id = 1*/

/*7 news*/

INSERT INTO news (subject, event_Date, address, content, event_Time, publish_Date, publish_Expire, create_User, create_Time, ticket_Price, ticket_Quantity, images) values
 ('台北寵物用品博覽會', '2018/8/31', '台北世貿三館(110台北市信義區松壽路6號)', '匯集全台各大寵物用品廠商，提供最新寵物用品、飼料零食、保健營養品、服飾配件、美容清潔、住宿醫療等週邊服務。本展歡迎所有寵物愛好者攜帶寵物一同入場參觀！除了提供年度最優惠的商品促銷外，更規畫一系列與愛寵同歡的趣味活動，讓飼主與寵物能玩得開心、滿載而歸。除了讓各類參展商展示產品外，也是與業界合作交流、開發商機的管道。歡迎寵物相關業者預約洽談、換證入場。', '2018-09-03 08:00:00', '2018-01-01', '2018-09-03', 'Admin', '2018-01-01 08:00:00', '200', '300', 'https://i.imgur.com/504f4Bn.jpg');

INSERT INTO news (subject, event_Date, address, content, event_Time, publish_Date, publish_Expire, create_User, create_Time, ticket_Price, ticket_Quantity, images) values
('《集盒》2018城市貓貓 插畫展', '2018/1/28', '高雄市前鎮區復興三路五號 (IKEA對面)', '創作者李允榕將「心情日常」轉為創作靈感，透過插畫抒發心情與記錄城市生活。她將貓擬人化為都市人，現場展出的七十幅貓貓作品細膩靈動，反應出人生體悟，加上些許天馬行空的想像，令觀者會心一笑。創作者並以紙板搭建一座「貓樂園」象徵城市空間，並融入亞洲新灣區意象，讓貓咪成為一隻隻漫遊於高雄的城市觀察者，從貓的角度觀察一座城市的轉變，以插畫探索環境、城市及空間的關係。', '2018-09-03 08:00:00', '2018-01-01', '2018-09-03', 'Admin', '2018-01-01 08:00:00', '200', '600', 'https://i.imgur.com/XcN5XJk.jpg');
	
INSERT INTO news (subject, event_Date, address, content, event_Time, publish_Date, publish_Expire, create_User, create_Time, ticket_Price, ticket_Quantity, images) values
('第一屆Doglympics狗林匹克運動會', '2018/10/1', '新北市永和綠寶石寵物公園', '將在10月18日於新北市永和綠寶石寵物公園登場，比賽項目為折返跑、基礎障礙、停留與等待三項趣味競賽，現場還邀請熊爸進行寵物行為講座，開放飼主報名中。 主辦單位法國皇家寵物食品市場經理蔡詩妤表示，現代人與狗普遍有肥胖困擾，所以藉由舉辦寵物運動會的方式來提醒飼主，注意寵物肥胖問題。', '2018-09-03 08:00:00', '2018-01-01', '2018-09-03', 'Admin', '2018-01-01 08:00:00', '200', '300', 'https://i.imgur.com/SSyz021.jpg');

INSERT INTO news (subject, event_Date, address, content, event_Time, publish_Date, publish_Expire, create_User, create_Time, ticket_Price, ticket_Quantity, images) values
('2018 展昭台北寵物用品展', '2018/7/6', '台北南港展覽館(11568台北市南港區經貿二路1號)', '全台最大寵物展策展團隊！超過20年寵物展主辦經驗，擁有專屬設計、資訊之整合行銷團隊。一次掌握北中南市場趨勢！首創北中南巡迴展出，整合全台資源，為您規劃年度行銷策略，直指台灣寵物產業核心。20萬毛家長口碑推薦！業界最具口碑之寵物用品展，全台唯一指標性寵物展。邀您一起，與超過500個國內外指標品牌比肩作戰，共享百億「毛」商機！', '2018-09-03 08:00:00', '2018-01-01', '2018-09-03', 'Admin', '2018-01-01 08:00:00', '200', '300', 'https://i.imgur.com/Tu1voot.jpg');


INSERT INTO news (subject, event_Date, address, content, event_Time, publish_Date, publish_Expire, create_User, create_Time, ticket_Price, ticket_Quantity, images) values
('高雄寵物用品博覽會', '2018/6/1', '高雄國際會議中心(803高雄市鹽埕區中正四路274號)', '匯集全台各大寵物用品廠商，提供最新寵物用品、飼料零食、保健營養品、服飾配件、美容清潔、住宿醫療等週邊服務。本展歡迎所有寵物愛好者攜帶寵物一同入場參觀！除了提供年度最優惠的商品促銷外，更規畫一系列與愛寵同歡的趣味活動，讓飼主與寵物能玩得開心、滿載而歸。除了讓各類參展商展示產品外，也是與業界合作交流、開發商機的管道。歡迎寵物相關業者預約洽談、換證入場。', '2018-09-03 08:00:00', '2018-01-01', '2018-09-03', 'Admin', '2018-01-01 08:00:00', '160', '400', 'https://i.imgur.com/w6YaMXQ.jpg');

INSERT INTO news (subject, event_Date, address, content, event_Time, publish_Date, publish_Expire, create_User, create_Time, ticket_Price, ticket_Quantity, images) values
 ('《狗狗的餐桌日常》新書分享會', '2018/9/3', '台北市士林區忠誠路二段55號4樓​ (紀伊國屋書店 台北天母店 (大葉高島屋4F)​)', '你也想親手幫狗狗做出美味的鮮食料理嗎？跑市場寵物店、Paw Kitchen寵物鮮食的負責人-- 陳彥姍，將投注於寵物鮮食料理上的熱情與經驗，集結成《狗狗的餐桌日常》與大家分享，讓主人可以從每天的飲食輕鬆把關狗的健康與營養，想為心愛的毛小孩準備健康食物，那就千萬不要錯過分享會啦！', '2018-09-03 08:00:00', '2018-01-01', '2018-09-03', 'Admin', '2018-01-01 08:00:00', '0', '200', 'https://i.imgur.com/pFTMngk.jpg');

INSERT INTO news (subject, event_Date, address, content, event_Time, publish_Date, publish_Expire, create_User, create_Time, ticket_Price, ticket_Quantity, images) values
('高齡犬居家照護講座', '2018/11/19', '台北市大同區迪化街一段14巷2號 (元氣樂活坊 / 捷運北門站3號出口，沿塔城街步行5~6分鐘)', '當您的狗兒年紀超過7歲，便已經踏入我們所稱的高齡犬階段。 或許您可能會覺得他們變得與年輕時期不同的個性又與我們生活緊密相連，但其實他們的活動力、生理機能、飲食內容、遊戲方式、醫療追蹤、生活互動等在不同年齡階段的需求各不相同，我們如何可以從細小的地方觀察狗兒的變化及增加心智刺激來調整照護他們高齡生活的方式呢？', '2018-09-03 08:00:00', '2018-01-01', '2018-09-03', 'Admin', '2018-01-01 08:00:00', '100', '300', 'https://i.imgur.com/nnWBLKl.jpg');

INSERT INTO news (subject, event_Date, address, content, event_Time, publish_Date, publish_Expire, create_User, create_Time, ticket_Price, ticket_Quantity, images) values
('《集盒》2018城市貓貓 插畫展', '2018/1/28', '高雄市前鎮區復興三路五號 (IKEA對面)', '匯集全台各大寵物用品廠商，提供最新寵物用品、飼料零食、保健營養品、服飾配件、美容清潔、住宿醫療等週邊服務。本展歡迎所有寵物愛好者攜帶寵物一同入場參觀！除了提供年度最優惠的商品促銷外，更規畫一系列與愛寵同歡的趣味活動，讓飼主與寵物能玩得開心、滿載而歸。除了讓各類參展商展示產品外，也是與業界合作交流、開發商機的管道。歡迎寵物相關業者預約洽談、換證入場。', '2018-09-03 08:00:00', '2018-01-01', '2018-09-03', 'Admin', '2018-01-01 08:00:00', '200', '600', 'https://i.imgur.com/XcN5XJk.jpg');

INSERT INTO news (subject, event_Date, address, content, event_Time, publish_Date, publish_Expire, create_User, create_Time, ticket_Price, ticket_Quantity, images) values
('支持領養不棄養', '2018/7/20', '新北市動保處（新北市板橋區四川路一段157巷2號）', '新北市動保處為了讓毛寶貝們能有更多曝光的機會，進而被民眾認養，特別與新北市毛小孩關懷協會在府中非常熱區舉辦「幸福1+1 就愛pet一起嘉年華-毛寶貝下一站幸福」活動', '2018-09-03 08:00:00', '2018-01-01', '2018-09-03', 'Admin', '2018-01-01 08:00:00', '120', '600', 'https://i.imgur.com/MXFdjAF.jpg');

INSERT INTO news (subject, event_Date, address, content, event_Time, publish_Date, publish_Expire, create_User, create_Time, ticket_Price, ticket_Quantity, images) values
('寵物家族大集合', '2018/7/7', '台北南港展覽館(11568台北市南港區經貿二路1號)', '寵物家族特別活動：2018台北寵物用品展，特別針對寵物家族舉辦好康展場活動！凡寵物家族至寵物展現場舉辦家聚，即有機會獲得貓狗漢方養生禮盒20盒！快跟著寵小汪與寵小喵瞧瞧活動內容吧！', '2018-09-03 08:00:00', '2018-01-01', '2018-09-03', 'Admin', '2018-01-01 08:00:00', '200', '1500', 'https://i.imgur.com/H4mSZKo.jpg');

INSERT INTO news (subject, event_Date, address, content, event_Time, publish_Date, publish_Expire, create_User, create_Time, ticket_Price, ticket_Quantity, images) values
('夏季寵物盛會', '2018/7/8', '台北南港展覽館(11568台北市南港區經貿二路1號)', '炎炎夏日，快帶家中寶貝來展場吹冷氣囉！不僅省電費還能搶超值優惠寵物商品，還有最萌寵物家族日、專屬毛寶貝的障礙趣味競賽，夏季唯一寵物嘉年華盛會', '2018-09-03 08:00:00', '2018-01-01', '2018-09-03', 'Admin', '2018-01-01 08:00:00', '200', '1500', 'https://i.imgur.com/6T10gMm.png'); 
 
 
/*8 product*/
insert into classify (name) values('寵物飼料');
insert into classify (name) values('寵物用品');
insert into classify (name) values('寵物玩具');
insert into classify (name) values('其它');

insert into product (NAME, PRICE, STOCK, MAKE_DATE, EXPIRE, SHELVES_DATE, DESCRIPTION, NOTICE, classify_id, member_id, images)
values ('柏萊富功能性全齡護膚亮毛配方(羊肉+糙米) 5 磅', 714, 26, '2018-3-15', 365, '2018-5-8', '成分：濃縮羊肉、糙米、小米、研磨高粱穀粒、濃縮鯰魚肉、去殼燕麥、芥花油、馬鈴薯蛋白、番茄渣、天然風味劑、乾燥甜菜漿、胡蘿蔔、芹菜、甜菜、荷蘭芹、萵苣、水田芥、菠菜、雞脂肪(與維生素E混合)、卵磷脂 、雞軟骨、蘋果 、南瓜粉、迷迭香粉、研磨百里香、研磨小茴香、芥菜籽粉、碎紅辣椒、蔓越莓、海帶粉、嗜乳酸桿菌、乳酸菌、絲蘭萃取、果寡糖、牛磺酸、葡萄糖胺、有機乾海藻、各種必需維生素及礦物質。營養分析：蛋白質24.5%以上、脂肪14.0%以上、纖維3.5%以下、水份10.0%以下、Ω6脂肪酸2.45%以上、Ω3脂肪酸1.0%以上、葡萄糖胺440ppm以上、軟骨素70ppm以上、益生菌31m CFU/lb、卡路里3、720 kcal/kg', '●優質天然羊肉，有效預防食物過敏●精選食材，有效保護弱敏肌膚及敏感腸胃●高含量亞麻油酸，有效護膚亮毛●豐富蔬果精華，提升抗氧化強化免疫力●益生菌與果寡糖，有效保健腸道●葡萄糖胺及軟骨素，維護關節健康', 1, 2, 'https://i.imgur.com/2cSsNXJ.jpg');
insert into product (NAME, PRICE, STOCK, MAKE_DATE, EXPIRE, SHELVES_DATE, DESCRIPTION, NOTICE, classify_id, member_id, images)
values ('柏萊富特調成犬活力配方(雞肉+糙米) 5 磅 (狗飼料)', 646, 28, '2018-3-15',280, '2018-3-5', '濃縮雞肉、糙米、小米、去殼燕麥、雞脂肪(與維生素E混合)、研磨高粱穀粒、乾燥甜菜漿、濃縮鯡魚肉、米糠、胡蘿蔔、芹菜、甜菜、荷蘭芹、萵苣、水田芥、菠菜、蛋製品、乾燥啤酒酵母、天然風味劑、全粒亞麻籽、雞軟骨、鹽、鯡魚油、DL蛋胺酸、卵磷脂、氯化鉀、L離胺酸、迷迭香粉、研磨百里香、研磨小茴香、芥菜籽粉、碎紅辣椒、蔓越莓、蘋果、南瓜粉、乳酸菌、嗜乳酸桿菌、絲蘭萃取、果寡糖、牛磺酸、葡萄糖胺、有機乾燥海藻、、各種必需維生素及礦物質。營養分析：蛋白質24.5%以上、脂肪14.0%以上、纖維3.0%以下、水份10.0%以下、Ω6脂肪酸2.8%以上、Ω3脂肪酸0.55%以上、葡萄糖胺435ppm以上、軟骨素70ppm以上、益生菌31m CFU/lb、卡路里3、751 kcal/kgNatural Balance 自然平衡低敏無穀地瓜鮭魚 (小顆粒小型犬) 4.5 磅 (狗飼料)有些愛犬也許會對一般常用的蛋白，碳水化合物及食品添加劑極度敏感.過敏反應可能導致腸激躁，胃部不適，及一些皮膚問題. Natural Balance已經為這些因食物過敏的愛犬設計了特殊低敏無穀地瓜規于全犬配方.我們的地瓜鮭魚配方含有新鮮鮭魚，這是大部分狗糧少用的獨特動物性蛋白來源;新鮮地瓜，這也是一般狗糧中不常用的獨特碳水化合物來源;以及有效的天然原料，可幫助愛犬重建免疫系統.此配方沒有忽略任何細節！諸如原料，原料的來源，營養價值，口感，以及對糞便及毛髮的影響。', '●高優質全天然雞肉蛋白質，最容易消化吸收●不含玉米、小麥、黃豆成份，低便量低便臭●高含量亞麻油酸，有效護膚亮毛●豐富蔬果精華，提升抗氧化強化免疫力●益生菌與果寡糖，有效保健腸道●葡萄糖胺及軟骨素，有效維護關節健康。', 1, 3, 'https://i.imgur.com/CPxzWvW.jpg');
insert into product (NAME, PRICE, STOCK, MAKE_DATE, EXPIRE, SHELVES_DATE, DESCRIPTION, NOTICE, classify_id, member_id, images)
values ('Natural Balance特殊低敏無穀地瓜鮭魚全犬配方', 880, 55, '2018-3-15',365, '2018-3-3', '地瓜 、 鮭魚 、 鮭魚粉 、 芥花油 、 馬鈴薯纖維 、 天然香料 、 氯化鈉 、 鮭魚油 (DHA 來源 )、 亞麻籽 、 氯化鉀 、 蛋氨酸 、 氯化膽鹼 、 天然混合維生素 E、 牛磺酸 、 維生素 E 補充 、 鐵蛋白 、 鋅蛋白 、 銅蛋白 、 硫酸亞鐵 、 硫酸鋅 、 硫酸銅 、 碘化鉀 、 維生素 B1、 銅蛋白 、 氧化錳 、 維生素 C、 維生素 A 補充 、 維生素 H、 維生素 B3、 維生素 B5、 硫酸錳 、 亞硒酸鈉 、 維生素 B6、 維生素 B12 補充 、 維生素 B2、 維生素 D3 補充 、 維生素 B9 。天然蛋白質/最低含量 21.0 ％天然脂肪/最低含量 10.0 ％天然纖維/最高含量 4.5 ％水分/最高含量 10.0 ％鈣/最低含量 1.0 ％磷/最低含量 0.8 ％ Omega 3脂肪酸/最低含量 0.75 ％Omega 6脂肪酸/最低含量 1.4 ％ DHA不飽和脂肪酸/最低含量 0.01％卡路里 特殊低敏無穀地瓜鮭魚全犬配方-大顆粒 每杯(8oz)內含325大卡 特殊低敏無穀地瓜鮭魚全犬配方-小顆粒 每杯(8oz)內含335大卡※一杯約飼料重114公克', '●新鮮鮭魚：一般狗糧不常用的獨特優質蛋白質來源●新鮮地瓜：獨特優質碳水化合物，含有豐富的鉀及易消化的能量來源●芥花油：含有少量飽和脂肪酸及大量的不飽和脂肪酸， 優質的Omega 3 及 Omega 6 脂肪酸.●鮭魚油：含豐富的Omega 3， 是DHA的天然來源●亞麻籽：極佳的Omega 3 脂肪酸來源●絕不添加任何人工防腐劑，香料，色素，漂白原料，乳製品或葵瓜子油；顏色差異是正常現象。', 1, 5, 'https://i.imgur.com/VFy8b1a.jpg');
insert into product (NAME, PRICE, STOCK, MAKE_DATE, EXPIRE, SHELVES_DATE, DESCRIPTION, NOTICE, classify_id, member_id, images)
values ('Farmina 法米納 ND 挑嘴幼母貓天然無穀糧-雞肉石榴', 340, 55, '2018-3-15',365, '2018-3-3', '●無穀系列 含 70%高品質肉、30%水果蔬菜，保健食品添加並不含任何穀物，不使用任何下雜肉主要原料、添加物 (每公斤含量)：新鮮去骨雞肉 (30%)、脫水雞肉 (28%)、馬鈴薯、雞脂肪、脫水全蛋、新鮮鯡魚、脫水鯡魚、魚油、水解動物蛋白、豌豆纖維、胡蘿蔔、苜蓿、菊糖、果寡醣、甘露寡醣、石榴 (0.5%)、脫水蘋果、菠菜、洋車前子 (0.3%)、黑醋栗、脫水甜橙、藍莓、氯化鈉、啤酒酵母、薑黃根 (0.2%)、葡萄糖胺、硫酸軟骨素、金盞花萃取物 (葉黃素的來源)、維生素 A、維生素 D3、維生素 E (天然抗氧化劑)、維生素 C、菸鹼酸、泛酸、維生素 B2、維生素 B6、維生素 B1、生物素、葉酸、維生素 B12、氯化膽鹼、β-胡蘿蔔素、胺基酸螯合鋅、胺基酸螯合錳、胺基酸螯合亞鐵、胺基酸螯合銅、硒代甲硫胺酸、DL-甲硫胺酸、牛磺酸、左旋肉鹼、蘆薈萃取物、綠茶萃取物、迷迭香萃取物。營養成份：粗蛋白質 44%、粗脂肪 20%、粗纖維 1.8%、粗灰分 8.5%、水分 8%、鈣 1.5%、磷 1.3%、鎂 0.09%、Omega6 3.3%、Omega3 0.9%、DHA 0.5%、EPA 0.3%、牛磺酸 0.4%、葡萄糖胺 1200mg/kg、軟骨素 900mg/kg、代謝能 3930kcal/kg。適用寵物種類：本品為12月齡以下之幼貓飼料；或可作為懷孕、哺乳母貓之營養補充飼料。產地：義大利。', '法米納不使用基改食材，食材由產地直送安全無顧慮新鮮肉塊無肉粉，品質好又健康即時生產、新鮮美味真空鍍膜機，營養完整包覆不流失使用雙螺桿擠出機，提高 25% 消化率，營養更好吸收', 1, 2, 'https://i.imgur.com/OCwi2XK.jpg');
insert into product (NAME, PRICE, STOCK, MAKE_DATE, EXPIRE, SHELVES_DATE, DESCRIPTION, NOTICE, classify_id, member_id, images)
values ('紐頓 T24 無穀貓 鮭魚 1 公斤 (貓飼料)', 702, 36, '2018-3-15',365, '2018-2-10', '成份：去骨鱒魚、鮭魚粉、鯡魚粉、豌豆、扁豆、鷹嘴豆、菜籽油、去骨鮭魚、鮭魚油、天然素食香料調味、胡蘿蔔、蘋果、冬南瓜、奎奴亞藜種子、氯化膽鹼、蔓越橘、藍莓、黑莓、羽衣甘藍、菊苣根 (益生元) 、維生素和礦物質、牛磺酸、絲蘭、菠菜、芹菜種子、薄荷、洋甘菊、薑黃、生薑、乾迷迭香。成份分析：粗蛋白 (最低含量) 36.0%、粗脂肪 (最低含量) 17.0%、粗纖維 (最低含量) 5.5%、水分 (最低含量) 10.0%、粗灰分 (最高含量) 6.5%、鈣 (最低含量) 0.90%、磷 (最低含量) 0.70%、Omega-3 (最低含量) 1.30%、Omega-6 (最低含量) 2.80%。', 'T24 Nutram鱒魚&鮭魚全能無穀天然貓糧是一個採用草本概念，多元而富含營養配方的食譜，從裡到外改善你寵物的健康。 我們的總體方針始於天然健康的草本成分，這是可斷言的，如添加低血糖的青豆，扁豆和鷹嘴豆作為健康的碳水化合物和優質蛋白質的來源。這一點，再添加薑黃，薑黃素的來源，以及鮭魚油，含有豐富的Omega-3脂肪酸，提供免疫力提高性能，以幫助支持一個強大的免疫系統。 Nutram的最佳草本組合更進一步，提供蔓越莓，自然酸化劑，以及芹菜種子，幫助維持健康的液面高度，適當的pH值和溫和的灰分含量攜手合作，以支持一個健康的膀胱。你可以相信你的寵物所食用的食物對身體是有助益的，健康的並且是寵物健全生活方式所不可或缺的一部分。', 1, 3, 'https://i.imgur.com/hcBDsLD.jpg');

insert into product (NAME, PRICE, STOCK, MAKE_DATE, EXPIRE, SHELVES_DATE, DESCRIPTION, NOTICE, classify_id, member_id, images)
values ('活力滋 成犬 雞肉體態強化配方 4 磅 (狗飼料)', 702, 62, '2018-3-15',100, '2018-2-15', '成分：雞肉粉、糙米、白米、燕麥粉、雞脂肪（添加綜合維生素E保存）、燕麥、豬肉粉、乾燥的甜菜根糖漿、亞麻籽、南瓜、蔓越莓、蘋果、乾燥啤酒酵母、鮭魚油、木瓜、藍莓、石榴、菊糖、乾海藻、維生素(A、B1、B2、B3、B5、B6、B7、B12、C、D3、E)、葡萄糖胺、葉酸、肉桂粉、茴香粉、薄荷粉、絲蘭萃取物、迷迭香萃取物、綠茶萃取物、綠薄荷萃取物。保證分析：蛋白質 25％以上、脂肪 15％以上、纖維 4％以下、水分 10％以下、鈣 1.3％以上、磷 0.9％以上、維生素A 22、000 IU / kg以上、維生素E 165 IU / kg以上、Omega-6 3.5％以上、Omega-3 0.7％以上、萄糖胺 340 mg / kg以上、總乳酸菌 100、000、000 CFU / 磅以上、總芽孢桿菌 7、000、000 CFU / 磅以上。', '●嚴選蛋白質：採用極易消化雞肉蛋白質，均衡維持體態●南瓜及木瓜富含天然纖維，維護健康的消化道系統●藍莓及石榴天然的抗氧化劑，並可維持細胞的健康', 1, 4, 'https://i.imgur.com/FEiDgqe.jpg');
insert into product (NAME, PRICE, STOCK, MAKE_DATE, EXPIRE, SHELVES_DATE, DESCRIPTION, NOTICE, classify_id, member_id, images)
values ('法國皇家 E42 挑嘴貓營養滿分配方 2 公斤 (貓飼料)', 676, 67, '2018-3-15',90, '2018-3-22', '脫水禽肉、玉米、分離大豆蛋白、玉米麩質、小麥、動物脂肪、植物纖維、水解動物蛋白、甜菜漿、礦物質、大豆油、琉璃苣油。添加營養素(每公斤)：維生素A：25000IU、維生素D3：1000IU、E1(鐵)：36毫克、E2(碘)：2.8毫克、E4(銅)：4毫克、E5(錳)：47毫克、E6(鋅)：156毫克、E8(硒)：0.06毫克。– 添加抗氧化物。營養分析：42%、脂肪：15%、灰分：8.5%、粗纖維3.4%、碳水化合物：25.6%。產地：法國', '營養滿分：蛋白質、碳水化合物和脂肪的完美比例，能滿足貓咪體內的需求。維持理想體重：加強營養滿分的同時提供適當的熱量，以維持理想體重。使毛髮有柔亮有光澤：結合生物素、琉璃苣油等活性複合物增加皮膚和毛髮的養分，使毛髮有柔亮有光澤。',1, 3, 'https://i.imgur.com/I3KhPDj.jpg');
insert into product (NAME, PRICE, STOCK, MAKE_DATE, EXPIRE, SHELVES_DATE, DESCRIPTION, NOTICE, classify_id, member_id, images)
values ('柏萊富 室內貓全齡優活配方(雞肉+糙米) 13.23 磅', 1785, 53, '2018-3-15',180, '2018-4-2', '濃縮雞肉、糙米、小米、研磨高粱穀粒、去殼燕麥、珍珠麥、胡蘿蔔、芹菜、甜菜、荷蘭芹、萵苣、水田芥、菠菜、乾燥甜菜漿、米糠、天然風味劑、雞脂肪(與維生素E混合)、乾燥啤酒酵母、蛋製品、濃縮鯡魚肉、雞軟骨、全粒亞麻籽、卵磷脂、鹽、DL蛋胺酸、鯡魚油、氯化鉀、L離胺酸、迷迭香粉、研磨百里香、研磨小茴香、芥菜籽粉、碎紅辣椒、蔓越莓、蘋果、南瓜粉、乳酸菌、嗜乳酸桿菌、絲蘭萃取、果寡糖、牛磺酸、葡萄糖胺、有機乾燥海藻、各種必需維生素及礦物質。營養分析：蛋白質20.5%以上、脂肪6.5%~9.0%以上、纖維4.0%以下、水份10.0%以下、Ω6脂肪酸1.4%以上、 Ω3脂肪酸0.4%以上、葡萄糖胺440ppm以上、軟骨素90ppm以上、益生菌31m CFU/lb、卡路里3、335 kcal/kg', '全齡階段貓咪●高優質全天然雞肉蛋白質，最容易消化吸收●適當的脂肪含量，幫助貓咪擁有健康的體態●不含玉米、小麥、黃豆成份，低便量低便臭●高含量亞麻油酸，有效護膚亮毛●豐富蔬果精華，提升抗氧化強化免疫力●濃縮蔓越莓精華，維護泌尿道的健康',1, 5, 'https://i.imgur.com/k1VVe1J.jpg');
insert into product (NAME, PRICE, STOCK, MAKE_DATE, EXPIRE, SHELVES_DATE, DESCRIPTION, NOTICE, classify_id, member_id, images)
values ('活力滋 無穀成犬 雞肉體重管理配方 4 磅 (狗飼料)', 882, 92, '2018-3-15',150, '2018-2-14', '成分：雞肉粉、馬鈴薯、豌豆、扁豆、乾燥的甜菜根糖漿、豌豆纖維、雞脂肪（添加綜合維生素E保存）、亞麻籽、脫水苜蓿粉、南瓜、蔓越莓、蘋果、乾燥啤酒酵母、木瓜、藍莓、石榴、菊糖、左旋肉鹼、乾海藻、維生素(A、B1、B2、B3、B5、B6、B7、B12、C、D3、E)、葡萄糖胺、葉酸、肉桂粉、茴香粉、薄荷粉、絲蘭萃取物、迷迭香萃取物、綠茶萃取物、綠薄荷萃取物。保證分析：蛋白質 26％以上、脂肪 8％以上、纖維 8.5％以下、水分 10％以下、鈣 0.8％以上、磷 0.6％以上、維生素A 22、000 IU / kg以上、維生素E 165 IU / kg以上、Omega-6 2.25％以上、Omega-3 0.75％以上、葡萄糖胺 325 mg / kg以上、硫酸軟骨素 250 mg / kg以上、左旋肉鹼 150 mg / kg以上、總乳酸菌 100、000、000 CFU / 磅以上、總芽孢桿菌 7、000、000 CFU / 磅以上。', '無穀再升級連續十五年以上獲得美國WDJ協會推薦', 1, 4, 'https://i.imgur.com/VbMUXr0.jpg');
insert into product (NAME, PRICE, STOCK, MAKE_DATE, EXPIRE, SHELVES_DATE, DESCRIPTION, NOTICE, classify_id, member_id, images)
values ('紐頓 T28 無穀迷你犬 鮭魚 2.72 公斤 (狗飼料)', 1170, 83, '2018-3-15',360, '2018-2-25', '成份：去骨鱒魚、鮭魚粉、豌豆、鯡魚粉、鷹嘴豆、扁豆、菜籽油、去骨鮭魚、天然素食香料調味、鮭魚油、蘋果、胡蘿蔔、氯化膽鹼、冬南瓜、奎奴亞藜種子、曼越橘、藍莓、黑莓、羽衣甘藍、海帶、菊苣根 (益生元) 、絲蘭、綠唇貽貝、菠菜、芹菜種子、薄荷、洋甘菊、薑黃、生薑、乾迷迭香。營養分析：粗蛋白 (最低含量) 36.0%、粗脂肪 (最低含量) 17.0%、粗纖維 (最高含量) 5.0%、水分 (最高含量) 10.0%、粗灰分 (最高含量) 6.50%、鈣 (最低含量) 1.0%、磷 (最低含量) 0.80%、Omega-3 (最低含量) 1.90%、Omega-6 (最低含量) 2.9%。', '嗜口性極佳強化免疫力促進良好消化美國低升糖認證只選用新鮮肉品為主要動物性蛋白質來源堅持不使用廉價的馬鈴薯或馬鈴薯粉等高升糖成份加拿大當地新鮮食材製作全犬種適用減少便量、便臭對於現今社會上經驗豐富的飼主們，對於飼料的需求不在只是簡單的選擇全天然成分而已而是要求更多，因此Nutram提供 21種最佳草本組合，多元而富含營養配方的食譜由內而外的全面性改善寵物的健康。最佳組合確保寵物獲得每種成分的最大營養元素，再加上他們的組合優勢，確保寵物獲得每種組合相乘的最大健康益處。有食材都是自然保存純天然無任何激素食譜成分製成。完全不添加任何的玉米，小麥和大豆。特別添加薑黃及生薑、增強免疫力、提昇代謝率、及預防腫瘤發生機率。', 1, 5, 'https://i.imgur.com/SuuC0kV.jpg');

insert into product (NAME, PRICE, STOCK, MAKE_DATE, EXPIRE, SHELVES_DATE, DESCRIPTION, NOTICE, classify_id, member_id, images)
values ('毛孩精選 HOOPET 呆呆鳥發聲玩具 - 黑', 168, 100, '2018-3-15', 365, '2018-4-8', '規格：35 cm 材質：玉米絨', '搞怪溫柔發聲不擾民！陪玩又陪睡的玩具～易發聲持續吸引狗狗注意力', 3, 2, 'https://i.imgur.com/lSQYOzk.jpg');
insert into product (NAME, PRICE, STOCK, MAKE_DATE, EXPIRE, SHELVES_DATE, DESCRIPTION, NOTICE, classify_id, member_id, images)
values ('毛孩精選【解渴神器】水壺+水碗2合1', 299, 88, '2018-3-15',180, '2018-3-5', '材質：食品級 ABS、食品級透明PC、醫用級密封圈 尺寸：杯身高度 208 mm 杯身直徑 75 mm 容量：350 ml', '寬水槽 - 適合各種狗狗食品級安全材質防水防漏 - 攜帶更安心防摔耐用 - 戶外更放心', 2, 3, 'https://i.imgur.com/k6cinAF.jpg');
insert into product (NAME, PRICE, STOCK, MAKE_DATE, EXPIRE, SHELVES_DATE, DESCRIPTION, NOTICE, classify_id, member_id, images)
values ('BONBONPET 髒臭腳腳的剋星 ! 草本抗菌清潔慕斯', 350, 76, '2018-3-15',365, '2018-3-3', '成分：純水、椰子油系界面活性劑、檸檬酸、抑菌劑、冷壓初榨橘子油、何首烏萃取液、益母草萃取液、生薑萃取液、人生萃取液、仙人掌萃取液、維他命 E、乳化劑、保濕劑 規格：150 ml 產地：台灣', '◎ 首創愛心造型矽膠慕斯刷頭，單手按壓就可直接刷洗清潔，超方便！◎ 草本營養精華成分，刷洗後不用沖水！直接拿乾毛巾擦拭即可◎ 瞬間除臭效果超好！針對趾縫或寵物局部清潔，抗菌、潤毛及保護皮膚◎ 看得見的髒污，看不見的細菌，只要輕輕刷，通通清潔溜溜◎ 不刺激、不流淚、不過敏、不含螢光劑，如果舔到也ok！', 2, 4, 'https://i.imgur.com/PEENJHF.jpg');
insert into product (NAME, PRICE, STOCK, MAKE_DATE, EXPIRE, SHELVES_DATE, DESCRIPTION, NOTICE, classify_id, member_id, images)
values ('Mr. bear 寵寵熊半封閉開放式單層貓砂盆貓便盆', 590, 75, '2018-3-15',150, '2018-3-9', '產品尺寸：56cmX40cmX25cm', '25cm 超高防護蓋—兩片式雙層設計，更高防護，防貓咪帶出貓砂。可分離式設計—採用可拆卸雙層設計，清潔及搬運貓砂盆更為方便。弧形防污保護—弧形側邊及防落砂踏板可以防止貓咪帶出貓砂。大尺寸空間—寬鬆的空間尺寸讓各種體型的貓咪都可以活動自如。主動落砂踏板及大號貓砂鏟—讓貓咪舒適如廁。', 2, 5, 'https://i.imgur.com/0Eetpzu.jpg');
insert into product (NAME, PRICE, STOCK, MAKE_DATE, EXPIRE, SHELVES_DATE, DESCRIPTION, NOTICE, classify_id, member_id, images)
values ('IRIS 犬貓外出多功能兩用硬殼提籃(白色)', 1180, 36, '2018-3-15',365, '2018-2-10', '尺寸：48(W) x 32.1(D) x 30(H)cm', '◆透明頂部及側部可隨時觀察寵物舉動 ◆可讓寵物欣賞外面的風景 ◆設有卡扣可繫上汽車安全帶 ◆固定寵物位置確保行車安全 ◆頂部側部都設有門方便寵物進出 ◆平時在家可用作寵物屋，給寵物安全感', 2, 3, 'https://i.imgur.com/BWiRaj7.jpg');

insert into product (NAME, PRICE, STOCK, MAKE_DATE, EXPIRE, SHELVES_DATE, DESCRIPTION, NOTICE, classify_id, member_id, images)
values ('AFU 拉咬球 (顏色隨機出貨)', 69, 62, '2018-3-15',100, '2018-2-15', '尺寸：約 30 cm 重量：700 g 材質：棉繩 顏色：隨機出貨不挑色 注意事項：不可用機器浸泡清洗、避免受潮', '★ 啃咬，訓犬。★ 優質硬化棉繩，磨牙耐咬。★ 安全無毒材質使用，玩樂更安心。', 3, 5, 'https://i.imgur.com/fvIExGo.jpg');
insert into product (NAME, PRICE, STOCK, MAKE_DATE, EXPIRE, SHELVES_DATE, DESCRIPTION, NOTICE, classify_id, member_id, images)
values ('Petstages 耐咬史迪克 (XS)(迷你犬)', 162, 67, '2018-3-15',90, '2018-3-22', '實木與特殊合成材質 尺寸：L10 x W1.5 cm(適合4kg以下) 產地：中國製造/美國設計', '以真正的木頭合成，味道清新又耐咬！榮獲美國權威寵物雜誌Pet Product News票選2012年最佳推薦寵物商品。美國原廠專利材料製成。散發天然木頭香味。無毒合成材質，不會裂開刮傷狗狗牙齦。室內與室外玩耍都適合。', 3, 4, 'https://i.imgur.com/5R8NSwn.jpg');
insert into product (NAME, PRICE, STOCK, MAKE_DATE, EXPIRE, SHELVES_DATE, DESCRIPTION, NOTICE, classify_id, member_id, images)
values ('自然鮮 貓草薄荷球木天蓼健身棒棒糖', 99, 53, '2018-3-15',180, '2018-4-2', '清潔方式：不可直接水洗，可用濕布擦拭表面，再用日曬或烘乾機乾燥，香味就可以重新出現(請不要長時間曝曬於陽光下)。有機貓薄荷、木天蓼棒、人類食用膠 直徑：13.5cm(天然材料會有正負1cm的差距) 產地：台灣', '貓咪咬棒棒糖可以摩擦牙齒，達到清潔牙垢的功效。棒棒糖較不易遺失，貓咪可任意啃咬。人類食用等級膠黏著，可安心食用，貓咪玩耍時會有掉屑情況，屬正常現象。貓咪可利用玩耍棒棒糖而得到大量運動，消耗體能，增進食慾。', 3, 3, 'https://i.imgur.com/vAXhzfx.jpg');
insert into product (NAME, PRICE, STOCK, MAKE_DATE, EXPIRE, SHELVES_DATE, DESCRIPTION, NOTICE, classify_id, member_id, images)
values ('AFU 御用 二口原木餐桌 (附陶瓷碗 2 個)', 690, 92, '2018-3-15',150, '2018-2-14', '規格：36*18.5 cm 材質：天然100%原木製成 (非訪間貼廉價塑膠皮) 重量：1340 克/組 注意事項：★商品含白色寵物專用陶瓷碗2個 ★高度可調15 or 7.5 cm 買家注意：★商品需自行組裝。★表面經過高級防水處裡，用濕抹布擦拭即可。', '★可調整高低，適用幼貓 \ 成貓 \ 小型犬。★托盤式設計，方便貓奴服務。★貓狗長期低頭吃飯容易造成健康方面問題。★AFU碗架可以隨著寶貝們成長過程調整高度。★MIT台灣製造，TAIWAN NO.1～', 4, 2, 'https://i.imgur.com/YWtoq8J.jpg');
insert into product (NAME, PRICE, STOCK, MAKE_DATE, EXPIRE, SHELVES_DATE, DESCRIPTION, NOTICE, classify_id, member_id, images)
values ('ACEPET 貓咪蹭蹭刷 - 胡桃褐（附貓草）', 180, 83, '2018-3-15',360, '2018-2-25', '規格：13.5 X 10.5 X 5 cm', '主子的美毛工具!你知道貓主子為什麼會一直磨蹭家具或牆角嗎? 貓咪藉由磨蹭兩頰及側身留下費洛蒙，這個舉動可以讓牠們畫清地盤領域，在空間中更有安全感喔~ 蹭蹭刷柔軟的刷毛不僅可以幫貓咪散播氣味更可以幫主子梳理毛髮!達到舒壓的功能呢~', 4, 5, 'https://i.imgur.com/tUw5q2J.jpg');

/*9 orders*/
insert into orders (orderdate, totalamount, member_id) values('2018-5-13 03:31:09', 2740, 2);
insert into orders (orderdate, totalamount, member_id) values('2018-5-10 12:38:10', 1305, 3);
insert into orders (orderdate, totalamount, member_id) values('2018-5-15 16:25:35', 439, 3);

/*10 ordersItem*/
insert into ordersitem (name, classify, price, quantity, orders_id)
values('柏萊富特調成犬活力配方(雞肉+糙米) 5 磅 (狗飼料)', '寵物飼料', 646, 1, 1);
insert into ordersitem (name, classify, price, quantity, orders_id)
values('毛孩精選【解渴神器】水壺+水碗2合1', '寵物用品', 299, 1, 1);
insert into ordersitem (name, classify, price, quantity, orders_id)
values('ACEPET 貓咪蹭蹭刷 - 胡桃褐（附貓草', '其它', 180, 2, 1);
insert into ordersitem (name, classify, price, quantity, orders_id)
values('Farmina 法米納 ND 挑嘴幼母貓天然無穀糧-雞肉石榴', '寵物飼料', 340, 2, 2);
insert into ordersitem (name, classify, price, quantity, orders_id)
values('自然鮮 貓草薄荷球木天蓼健身棒棒糖', '寵物玩具', 99, 3, 2);
insert into ordersitem (name, classify, price, quantity, orders_id)
values('Natural Balance特殊低敏無穀地瓜鮭魚全犬配方', '寵物飼料', 880, 2, 3);
insert into ordersitem (name, classify, price, quantity, orders_id)
values('紐頓 T28 無穀迷你犬 鮭魚 2.72 公斤 (狗飼料)', '寵物飼料', 1170, 1, 3);
insert into ordersitem (name, classify, price, quantity, orders_id)
values('AFU 御用 二口原木餐桌 (附陶瓷碗 2 個)', '其它', 690, 2, 3);

/*11 designer*/
insert into designer (designer)values
('飛影'),
('琦玉'),
('陳浩南');



insert into SERVICECONTENT (CONTENT,time,price,designer_id)
values ('造型',1,200,1);
insert into SERVICECONTENT (CONTENT,time,price,designer_id)
values ('洗澡',1,300,1);
insert into SERVICECONTENT (CONTENT,time,price,designer_id)
values ('剪毛',1,400,1);
insert into SERVICECONTENT (CONTENT,time,price,designer_id)
values ('造型',1,200,2);
insert into SERVICECONTENT (CONTENT,time,price,designer_id)
values ('洗澡',1,300,2);
insert into SERVICECONTENT (CONTENT,time,price,designer_id)
values ('剪毛',1,400,2);
insert into SERVICECONTENT (CONTENT,time,price,designer_id)
values ('造型',1,200,3);
insert into SERVICECONTENT (CONTENT,time,price,designer_id)
values ('洗澡',1,300,3);
insert into SERVICECONTENT (CONTENT,time,price,designer_id)
values ('剪毛',1,400,3);


insert into Notice (MEMBER_ID,Who,Status,NOTICETIME,DETAIL)
values (2,1,true,now(),'現在有人發通知給您');
insert into MYFRIEND (MEMBER_ID,Who,Status,NOTICETIME,DETAIL)
values (2,1,true,now(),'現在有人發通知給您');
insert into MYFRIEND (MEMBER_ID,Who,Status,NOTICETIME,DETAIL)
values (2,1,true,now(),'現在有人發通知給您');
insert into MYFRIEND (MEMBER_ID,Who,Status,NOTICETIME,DETAIL)
values (2,1,true,now(),'現在有人發通知給您');
insert into MYFRIEND (MEMBER_ID,Who,Status,NOTICETIME,DETAIL)
values (2,1,true,now(),'現在有人發通知給您');

insert into MYFRIEND (MEMBER_ID,love,Friend_id)
values (3,true,1);
insert into MYFRIEND (MEMBER_ID,love,Friend_id)
values (3,true,2);
insert into MYFRIEND (MEMBER_ID,love,Friend_id)
values (3,true,4);
insert into MYFRIEND (MEMBER_ID,love,Friend_id)
values (3,true,5);
insert into MYFRIEND (MEMBER_ID,love,Friend_id)
values (3,true,6);
insert into MYFRIEND (MEMBER_ID,love,Friend_id)
values (3,true,7);

insert into MYFRIEND (MEMBER_ID,love,Friend_id)	values (3,true,9);
insert into MYFRIEND (MEMBER_ID,love,Friend_id)	values (3,true,16);
insert into MYFRIEND (MEMBER_ID,love,Friend_id)	values (3,true,17);
insert into MYFRIEND (MEMBER_ID,love,Friend_id)	values (3,true,18);
insert into MYFRIEND (MEMBER_ID,love,Friend_id)	values (3,true,19);
insert into MYFRIEND (MEMBER_ID,love,Friend_id)	values (3,true,20);
insert into MYFRIEND (MEMBER_ID,love,Friend_id)	values (4,true,1);
insert into MYFRIEND (MEMBER_ID,love,Friend_id)	values (4,true,2);
insert into MYFRIEND (MEMBER_ID,love,Friend_id)	values (4,true,3);
insert into MYFRIEND (MEMBER_ID,love,Friend_id)	values (4,true,13);
insert into MYFRIEND (MEMBER_ID,love,Friend_id)	values (4,true,14);
insert into MYFRIEND (MEMBER_ID,love,Friend_id)	values (5,true,1);
insert into MYFRIEND (MEMBER_ID,love,Friend_id)	values (5,true,2);
insert into MYFRIEND (MEMBER_ID,love,Friend_id)	values (5,true,3);
insert into MYFRIEND (MEMBER_ID,love,Friend_id)	values (5,true,4);
insert into MYFRIEND (MEMBER_ID,love,Friend_id)	values (5,true,16);
insert into MYFRIEND (MEMBER_ID,love,Friend_id)	values (5,true,17);
insert into MYFRIEND (MEMBER_ID,love,Friend_id)	values (6,true,1);
insert into MYFRIEND (MEMBER_ID,love,Friend_id)	values (6,true,2);
insert into MYFRIEND (MEMBER_ID,love,Friend_id)	values (6,true,13);
insert into MYFRIEND (MEMBER_ID,love,Friend_id)	values (6,true,14);
insert into MYFRIEND (MEMBER_ID,love,Friend_id)	values (6,true,15);
insert into MYFRIEND (MEMBER_ID,love,Friend_id)	values (6,true,16);
insert into MYFRIEND (MEMBER_ID,love,Friend_id)	values (6,true,17);
insert into MYFRIEND (MEMBER_ID,love,Friend_id)	values (7,true,5);
insert into MYFRIEND (MEMBER_ID,love,Friend_id)	values (7,true,15);
insert into MYFRIEND (MEMBER_ID,love,Friend_id)	values (7,true,17);
insert into MYFRIEND (MEMBER_ID,love,Friend_id)	values (9,true,1);
insert into MYFRIEND (MEMBER_ID,love,Friend_id)	values (9,true,2);
insert into MYFRIEND (MEMBER_ID,love,Friend_id)	values (9,true,3);
insert into MYFRIEND (MEMBER_ID,love,Friend_id)	values (9,true,4);
insert into MYFRIEND (MEMBER_ID,love,Friend_id)	values (9,true,7);
insert into MYFRIEND (MEMBER_ID,love,Friend_id)	values (9,true,8);
insert into MYFRIEND (MEMBER_ID,love,Friend_id)	values (9,true,11);
insert into MYFRIEND (MEMBER_ID,love,Friend_id)	values (9,true,12);
insert into MYFRIEND (MEMBER_ID,love,Friend_id)	values (9,true,14);
insert into MYFRIEND (MEMBER_ID,love,Friend_id)	values (9,true,15);
insert into MYFRIEND (MEMBER_ID,love,Friend_id)	values (9,true,16);
insert into MYFRIEND (MEMBER_ID,love,Friend_id)	values (9,true,17);
insert into MYFRIEND (MEMBER_ID,love,Friend_id)	values (9,true,18);
insert into MYFRIEND (MEMBER_ID,love,Friend_id)	values (10,true,1);
insert into MYFRIEND (MEMBER_ID,love,Friend_id)	values (10,true,4);
insert into MYFRIEND (MEMBER_ID,love,Friend_id)	values (10,true,5);
insert into MYFRIEND (MEMBER_ID,love,Friend_id)	values (10,true,9);
insert into MYFRIEND (MEMBER_ID,love,Friend_id)	values (10,true,11);
insert into MYFRIEND (MEMBER_ID,love,Friend_id)	values (10,true,12);
insert into MYFRIEND (MEMBER_ID,love,Friend_id)	values (10,true,17);
insert into MYFRIEND (MEMBER_ID,love,Friend_id)	values (10,true,18);
insert into MYFRIEND (MEMBER_ID,love,Friend_id)	values (10,true,19);
insert into MYFRIEND (MEMBER_ID,love,Friend_id)	values (10,true,20);
insert into MYFRIEND (MEMBER_ID,love,Friend_id)	values (11,true,12);
insert into MYFRIEND (MEMBER_ID,love,Friend_id)	values (11,true,13);
insert into MYFRIEND (MEMBER_ID,love,Friend_id)	values (11,true,14);
insert into MYFRIEND (MEMBER_ID,love,Friend_id)	values (11,true,15);
insert into MYFRIEND (MEMBER_ID,love,Friend_id)	values (11,true,16);
insert into MYFRIEND (MEMBER_ID,love,Friend_id)	values (11,true,17);
insert into MYFRIEND (MEMBER_ID,love,Friend_id)	values (11,true,18);
insert into MYFRIEND (MEMBER_ID,love,Friend_id)	values (11,true,19);
insert into MYFRIEND (MEMBER_ID,love,Friend_id)	values (14,true,12);
insert into MYFRIEND (MEMBER_ID,love,Friend_id)	values (14,true,13);
insert into MYFRIEND (MEMBER_ID,love,Friend_id)	values (14,true,15);
insert into MYFRIEND (MEMBER_ID,love,Friend_id)	values (14,true,16);
insert into MYFRIEND (MEMBER_ID,love,Friend_id)	values (14,true,17);
insert into MYFRIEND (MEMBER_ID,love,Friend_id)	values (14,true,18);
insert into MYFRIEND (MEMBER_ID,love,Friend_id)	values (14,true,19);
insert into MYFRIEND (MEMBER_ID,love,Friend_id)	values (15,true,2);
insert into MYFRIEND (MEMBER_ID,love,Friend_id)	values (15,true,3);
insert into MYFRIEND (MEMBER_ID,love,Friend_id)	values (15,true,4);
insert into MYFRIEND (MEMBER_ID,love,Friend_id)	values (15,true,5);
insert into MYFRIEND (MEMBER_ID,love,Friend_id)	values (15,true,6);
insert into MYFRIEND (MEMBER_ID,love,Friend_id)	values (15,true,7);
insert into MYFRIEND (MEMBER_ID,love,Friend_id)	values (15,true,8);
insert into MYFRIEND (MEMBER_ID,love,Friend_id)	values (15,true,9);
insert into MYFRIEND (MEMBER_ID,love,Friend_id)	values (15,true,10);
insert into MYFRIEND (MEMBER_ID,love,Friend_id)	values (16,true,10);
insert into MYFRIEND (MEMBER_ID,love,Friend_id)	values (16,true,11);
insert into MYFRIEND (MEMBER_ID,love,Friend_id)	values (16,true,12);
insert into MYFRIEND (MEMBER_ID,love,Friend_id)	values (16,true,13);
insert into MYFRIEND (MEMBER_ID,love,Friend_id)	values (16,true,14);













